5.30000000000000e-01,4.25000000000000e-01,1.30000000000000e-01,7.45500000000000e-01,2.99500000000000e-01,1.35500000000000e-01,2.45000000000000e-01
5.50000000000000e-01,4.20000000000000e-01,1.45000000000000e-01,7.38500000000000e-01,3.21000000000000e-01,1.48500000000000e-01,2.52000000000000e-01
4.00000000000000e-01,3.00000000000000e-01,9.00000000000000e-02,2.81500000000000e-01,1.18500000000000e-01,6.10000000000000e-02,8.00000000000000e-02
5.35000000000000e-01,4.05000000000000e-01,1.25000000000000e-01,9.27000000000000e-01,2.60000000000000e-01,1.42500000000000e-01,3.45000000000000e-01
6.00000000000000e-01,4.75000000000000e-01,1.75000000000000e-01,1.34450000000000e+00,5.49000000000000e-01,2.87500000000000e-01,3.60000000000000e-01
6.05000000000000e-01,4.75000000000000e-01,1.65000000000000e-01,1.05600000000000e+00,4.33000000000000e-01,2.19500000000000e-01,3.57000000000000e-01
4.75000000000000e-01,3.75000000000000e-01,1.15000000000000e-01,5.20500000000000e-01,2.33000000000000e-01,1.19000000000000e-01,1.45500000000000e-01
4.65000000000000e-01,3.25000000000000e-01,1.40000000000000e-01,7.61500000000000e-01,3.62000000000000e-01,1.53500000000000e-01,2.09000000000000e-01
5.15000000000000e-01,4.05000000000000e-01,1.20000000000000e-01,6.46000000000000e-01,2.89500000000000e-01,1.40500000000000e-01,1.77000000000000e-01
6.15000000000000e-01,4.95000000000000e-01,1.60000000000000e-01,1.25500000000000e+00,5.81500000000000e-01,3.19500000000000e-01,3.22500000000000e-01
2.80000000000000e-01,2.10000000000000e-01,8.50000000000000e-02,1.06500000000000e-01,3.90000000000000e-02,2.95000000000000e-02,3.00000000000000e-02
4.60000000000000e-01,3.75000000000000e-01,1.40000000000000e-01,5.10500000000000e-01,1.92000000000000e-01,1.04500000000000e-01,2.05000000000000e-01
6.50000000000000e-01,4.95000000000000e-01,1.70000000000000e-01,1.27600000000000e+00,6.21500000000000e-01,2.30500000000000e-01,3.99000000000000e-01
4.90000000000000e-01,3.75000000000000e-01,1.50000000000000e-01,5.75500000000000e-01,2.20000000000000e-01,1.44000000000000e-01,1.90000000000000e-01
3.50000000000000e-01,2.55000000000000e-01,8.50000000000000e-02,2.14500000000000e-01,1.00000000000000e-01,4.65000000000000e-02,6.00000000000000e-02
5.05000000000000e-01,3.90000000000000e-01,1.60000000000000e-01,6.44000000000000e-01,2.47500000000000e-01,2.02500000000000e-01,1.63500000000000e-01
5.35000000000000e-01,4.15000000000000e-01,1.35000000000000e-01,7.80000000000000e-01,3.16500000000000e-01,1.69000000000000e-01,2.36500000000000e-01
4.00000000000000e-01,3.00000000000000e-01,1.25000000000000e-01,4.17000000000000e-01,1.91000000000000e-01,9.00000000000000e-02,1.17500000000000e-01
5.80000000000000e-01,4.60000000000000e-01,1.55000000000000e-01,1.43950000000000e+00,6.71500000000000e-01,2.73000000000000e-01,2.95500000000000e-01
6.35000000000000e-01,5.00000000000000e-01,1.90000000000000e-01,1.29000000000000e+00,5.93000000000000e-01,3.04500000000000e-01,3.52000000000000e-01
5.75000000000000e-01,4.00000000000000e-01,1.55000000000000e-01,9.32500000000000e-01,3.60500000000000e-01,2.44500000000000e-01,3.00000000000000e-01
4.00000000000000e-01,3.05000000000000e-01,1.60000000000000e-01,3.68000000000000e-01,1.73000000000000e-01,7.05000000000000e-02,1.05000000000000e-01
4.50000000000000e-01,3.55000000000000e-01,1.20000000000000e-01,4.12000000000000e-01,1.14500000000000e-01,6.65000000000000e-02,1.60000000000000e-01
5.00000000000000e-01,3.85000000000000e-01,1.35000000000000e-01,6.42500000000000e-01,3.19500000000000e-01,1.29000000000000e-01,1.53500000000000e-01
4.90000000000000e-01,3.55000000000000e-01,1.55000000000000e-01,9.81000000000000e-01,4.65000000000000e-01,2.01500000000000e-01,2.50500000000000e-01
5.20000000000000e-01,4.15000000000000e-01,1.40000000000000e-01,6.38500000000000e-01,2.94500000000000e-01,1.40500000000000e-01,1.71000000000000e-01
4.55000000000000e-01,3.65000000000000e-01,1.15000000000000e-01,4.30500000000000e-01,1.84000000000000e-01,1.08000000000000e-01,1.24500000000000e-01
3.80000000000000e-01,2.75000000000000e-01,1.10000000000000e-01,2.56000000000000e-01,1.10000000000000e-01,5.35000000000000e-02,7.55000000000000e-02
5.70000000000000e-01,4.45000000000000e-01,1.55000000000000e-01,7.33000000000000e-01,2.82000000000000e-01,1.59000000000000e-01,2.35000000000000e-01
4.60000000000000e-01,3.55000000000000e-01,1.30000000000000e-01,4.58000000000000e-01,1.92000000000000e-01,1.05500000000000e-01,1.30000000000000e-01
3.90000000000000e-01,2.95000000000000e-01,9.50000000000000e-02,2.03000000000000e-01,8.75000000000000e-02,4.50000000000000e-02,7.50000000000000e-02
5.55000000000000e-01,4.20000000000000e-01,1.10000000000000e-01,9.31000000000000e-01,4.44500000000000e-01,1.71000000000000e-01,2.25000000000000e-01
5.75000000000000e-01,4.50000000000000e-01,1.70000000000000e-01,1.04750000000000e+00,3.77500000000000e-01,1.70500000000000e-01,3.85000000000000e-01
6.00000000000000e-01,4.75000000000000e-01,1.70000000000000e-01,1.13150000000000e+00,5.08000000000000e-01,2.72000000000000e-01,3.09000000000000e-01
3.85000000000000e-01,2.90000000000000e-01,1.00000000000000e-01,2.57500000000000e-01,1.00000000000000e-01,6.10000000000000e-02,8.60000000000000e-02
4.10000000000000e-01,3.10000000000000e-01,1.25000000000000e-01,3.59500000000000e-01,1.41500000000000e-01,8.85000000000000e-02,1.15000000000000e-01
2.60000000000000e-01,2.05000000000000e-01,7.00000000000000e-02,9.70000000000000e-02,4.15000000000000e-02,1.90000000000000e-02,3.05000000000000e-02
2.90000000000000e-01,2.25000000000000e-01,8.00000000000000e-02,1.29500000000000e-01,5.35000000000000e-02,2.60000000000000e-02,4.50000000000000e-02
3.60000000000000e-01,2.65000000000000e-01,7.50000000000000e-02,1.84500000000000e-01,8.30000000000000e-02,3.65000000000000e-02,5.50000000000000e-02
6.25000000000000e-01,4.75000000000000e-01,1.60000000000000e-01,1.33350000000000e+00,6.05000000000000e-01,2.87500000000000e-01,3.19000000000000e-01
5.70000000000000e-01,4.40000000000000e-01,1.30000000000000e-01,7.66500000000000e-01,3.47000000000000e-01,1.78500000000000e-01,2.02000000000000e-01
4.15000000000000e-01,3.30000000000000e-01,9.00000000000000e-02,3.59500000000000e-01,1.70000000000000e-01,8.10000000000000e-02,9.00000000000000e-02
5.05000000000000e-01,4.00000000000000e-01,1.35000000000000e-01,7.23000000000000e-01,3.77000000000000e-01,1.49000000000000e-01,1.78000000000000e-01
4.15000000000000e-01,3.10000000000000e-01,1.05000000000000e-01,3.59500000000000e-01,1.67000000000000e-01,8.30000000000000e-02,9.15000000000000e-02
1.70000000000000e-01,1.30000000000000e-01,9.50000000000000e-02,3.00000000000000e-02,1.30000000000000e-02,8.00000000000000e-03,1.00000000000000e-02
7.20000000000000e-01,5.65000000000000e-01,2.00000000000000e-01,2.10550000000000e+00,1.01700000000000e+00,3.63000000000000e-01,4.94000000000000e-01
5.95000000000000e-01,4.95000000000000e-01,2.35000000000000e-01,1.36600000000000e+00,5.06500000000000e-01,2.19000000000000e-01,5.20000000000000e-01
6.25000000000000e-01,4.70000000000000e-01,1.70000000000000e-01,1.25500000000000e+00,5.25000000000000e-01,2.41500000000000e-01,4.05000000000000e-01
2.95000000000000e-01,2.30000000000000e-01,8.00000000000000e-02,1.62500000000000e-01,6.50000000000000e-02,5.00000000000000e-02,3.85000000000000e-02
5.00000000000000e-01,4.05000000000000e-01,1.40000000000000e-01,6.73500000000000e-01,2.65000000000000e-01,1.24000000000000e-01,2.50000000000000e-01
4.45000000000000e-01,3.45000000000000e-01,1.40000000000000e-01,4.76000000000000e-01,2.05500000000000e-01,1.01500000000000e-01,1.08500000000000e-01
4.05000000000000e-01,3.05000000000000e-01,1.00000000000000e-01,2.71000000000000e-01,9.65000000000000e-02,6.10000000000000e-02,9.10000000000000e-02
5.75000000000000e-01,4.55000000000000e-01,1.85000000000000e-01,1.15600000000000e+00,5.52500000000000e-01,2.43000000000000e-01,2.95000000000000e-01
6.40000000000000e-01,4.85000000000000e-01,1.60000000000000e-01,1.00600000000000e+00,4.56000000000000e-01,2.24500000000000e-01,2.83500000000000e-01
5.20000000000000e-01,4.65000000000000e-01,1.50000000000000e-01,9.50500000000000e-01,4.56000000000000e-01,1.99000000000000e-01,2.55000000000000e-01
3.25000000000000e-01,2.45000000000000e-01,7.00000000000000e-02,1.61000000000000e-01,7.55000000000000e-02,2.55000000000000e-02,4.50000000000000e-02
2.10000000000000e-01,1.50000000000000e-01,5.00000000000000e-02,3.85000000000000e-02,1.55000000000000e-02,8.50000000000000e-03,1.00000000000000e-02
6.10000000000000e-01,4.85000000000000e-01,1.70000000000000e-01,1.02250000000000e+00,4.19000000000000e-01,2.40500000000000e-01,3.60000000000000e-01
5.75000000000000e-01,4.55000000000000e-01,1.55000000000000e-01,8.72500000000000e-01,3.49000000000000e-01,2.09500000000000e-01,2.85000000000000e-01
5.10000000000000e-01,4.00000000000000e-01,1.25000000000000e-01,5.57500000000000e-01,2.61500000000000e-01,1.19500000000000e-01,1.52500000000000e-01
6.50000000000000e-01,5.15000000000000e-01,1.80000000000000e-01,1.33150000000000e+00,5.66500000000000e-01,3.47000000000000e-01,4.05000000000000e-01
3.70000000000000e-01,2.75000000000000e-01,1.00000000000000e-01,2.81500000000000e-01,1.50500000000000e-01,5.05000000000000e-02,6.80000000000000e-02
5.50000000000000e-01,4.65000000000000e-01,1.50000000000000e-01,9.36000000000000e-01,4.81000000000000e-01,1.74000000000000e-01,2.43500000000000e-01
4.25000000000000e-01,3.00000000000000e-01,9.50000000000000e-02,3.51500000000000e-01,1.41000000000000e-01,7.75000000000000e-02,1.20000000000000e-01
6.10000000000000e-01,4.70000000000000e-01,1.60000000000000e-01,1.01700000000000e+00,4.26000000000000e-01,2.25500000000000e-01,3.20000000000000e-01
4.50000000000000e-01,3.50000000000000e-01,1.40000000000000e-01,4.74000000000000e-01,2.10000000000000e-01,1.09000000000000e-01,1.27500000000000e-01
5.20000000000000e-01,4.20000000000000e-01,1.60000000000000e-01,7.45000000000000e-01,2.55000000000000e-01,1.57000000000000e-01,2.88500000000000e-01
6.00000000000000e-01,4.50000000000000e-01,1.45000000000000e-01,8.77000000000000e-01,4.32500000000000e-01,1.55000000000000e-01,2.40000000000000e-01
3.25000000000000e-01,2.30000000000000e-01,9.00000000000000e-02,1.47000000000000e-01,6.00000000000000e-02,3.40000000000000e-02,4.50000000000000e-02
6.30000000000000e-01,5.10000000000000e-01,1.70000000000000e-01,1.18850000000000e+00,4.91500000000000e-01,3.06500000000000e-01,3.48000000000000e-01
4.45000000000000e-01,3.45000000000000e-01,9.00000000000000e-02,3.79500000000000e-01,1.43000000000000e-01,7.40000000000000e-02,1.25000000000000e-01
6.45000000000000e-01,5.20000000000000e-01,1.80000000000000e-01,1.28500000000000e+00,5.77500000000000e-01,3.52000000000000e-01,3.17000000000000e-01
7.10000000000000e-01,5.75000000000000e-01,1.75000000000000e-01,1.55500000000000e+00,6.46500000000000e-01,3.70500000000000e-01,5.20000000000000e-01
6.45000000000000e-01,5.05000000000000e-01,1.65000000000000e-01,1.30700000000000e+00,4.33500000000000e-01,2.62000000000000e-01,5.20000000000000e-01
4.65000000000000e-01,3.60000000000000e-01,1.05000000000000e-01,4.98000000000000e-01,2.14000000000000e-01,1.16000000000000e-01,1.40000000000000e-01
5.15000000000000e-01,4.25000000000000e-01,1.35000000000000e-01,7.12000000000000e-01,2.66500000000000e-01,1.60500000000000e-01,2.50000000000000e-01
6.15000000000000e-01,4.75000000000000e-01,1.55000000000000e-01,1.07350000000000e+00,4.37500000000000e-01,2.58500000000000e-01,3.10000000000000e-01
5.05000000000000e-01,4.05000000000000e-01,1.10000000000000e-01,6.25000000000000e-01,3.05000000000000e-01,1.60000000000000e-01,1.75000000000000e-01
3.00000000000000e-01,2.30000000000000e-01,7.50000000000000e-02,1.27000000000000e-01,5.20000000000000e-02,3.00000000000000e-02,3.45000000000000e-02
4.15000000000000e-01,3.15000000000000e-01,9.00000000000000e-02,3.62500000000000e-01,1.75000000000000e-01,8.35000000000000e-02,9.30000000000000e-02
3.00000000000000e-01,2.20000000000000e-01,6.50000000000000e-02,1.19500000000000e-01,5.20000000000000e-02,1.55000000000000e-02,3.50000000000000e-02
5.80000000000000e-01,4.40000000000000e-01,1.75000000000000e-01,1.07300000000000e+00,4.00500000000000e-01,2.34500000000000e-01,3.35000000000000e-01
5.80000000000000e-01,5.00000000000000e-01,1.65000000000000e-01,9.25000000000000e-01,3.70000000000000e-01,1.85000000000000e-01,3.00500000000000e-01
6.20000000000000e-01,4.80000000000000e-01,1.60000000000000e-01,1.07650000000000e+00,4.12000000000000e-01,2.53000000000000e-01,3.00000000000000e-01
4.35000000000000e-01,3.50000000000000e-01,1.05000000000000e-01,4.19500000000000e-01,1.94000000000000e-01,1.00500000000000e-01,1.30000000000000e-01
6.10000000000000e-01,4.80000000000000e-01,1.90000000000000e-01,1.29550000000000e+00,5.21500000000000e-01,3.22500000000000e-01,3.65000000000000e-01
4.30000000000000e-01,3.15000000000000e-01,9.50000000000000e-02,3.78000000000000e-01,1.75000000000000e-01,8.00000000000000e-02,1.04500000000000e-01
6.25000000000000e-01,4.95000000000000e-01,1.55000000000000e-01,1.02500000000000e+00,4.60000000000000e-01,1.94500000000000e-01,3.40000000000000e-01
5.60000000000000e-01,4.55000000000000e-01,1.25000000000000e-01,9.43000000000000e-01,3.44000000000000e-01,1.29000000000000e-01,3.75000000000000e-01
5.60000000000000e-01,4.55000000000000e-01,1.90000000000000e-01,7.14000000000000e-01,2.83000000000000e-01,1.29000000000000e-01,2.75000000000000e-01
5.50000000000000e-01,4.45000000000000e-01,1.25000000000000e-01,6.72000000000000e-01,2.88000000000000e-01,1.36500000000000e-01,2.10000000000000e-01
7.10000000000000e-01,5.70000000000000e-01,1.95000000000000e-01,1.98050000000000e+00,9.92500000000000e-01,4.92500000000000e-01,4.80000000000000e-01
4.75000000000000e-01,3.65000000000000e-01,1.05000000000000e-01,4.17500000000000e-01,1.64500000000000e-01,9.90000000000000e-02,1.27000000000000e-01
5.90000000000000e-01,4.75000000000000e-01,1.45000000000000e-01,9.74500000000000e-01,4.67500000000000e-01,2.07000000000000e-01,2.59000000000000e-01
4.70000000000000e-01,3.65000000000000e-01,1.05000000000000e-01,4.20500000000000e-01,1.63000000000000e-01,1.03500000000000e-01,1.40000000000000e-01
6.20000000000000e-01,4.75000000000000e-01,1.50000000000000e-01,9.54500000000000e-01,4.55000000000000e-01,1.86500000000000e-01,2.77000000000000e-01
2.80000000000000e-01,2.20000000000000e-01,8.00000000000000e-02,1.31500000000000e-01,6.60000000000000e-02,2.40000000000000e-02,3.00000000000000e-02
4.10000000000000e-01,3.35000000000000e-01,1.10000000000000e-01,3.30000000000000e-01,1.57000000000000e-01,7.05000000000000e-02,1.70000000000000e-01
5.80000000000000e-01,4.50000000000000e-01,1.40000000000000e-01,8.24000000000000e-01,3.46500000000000e-01,1.76500000000000e-01,2.63000000000000e-01
6.40000000000000e-01,5.05000000000000e-01,1.80000000000000e-01,1.29700000000000e+00,5.90000000000000e-01,3.12500000000000e-01,3.63000000000000e-01
5.65000000000000e-01,4.45000000000000e-01,1.50000000000000e-01,7.96000000000000e-01,3.63500000000000e-01,1.84000000000000e-01,2.19000000000000e-01
6.10000000000000e-01,4.50000000000000e-01,1.50000000000000e-01,8.71000000000000e-01,4.07000000000000e-01,1.83500000000000e-01,2.50000000000000e-01
3.85000000000000e-01,2.95000000000000e-01,8.50000000000000e-02,2.53500000000000e-01,1.03000000000000e-01,5.75000000000000e-02,8.50000000000000e-02
5.40000000000000e-01,4.20000000000000e-01,1.40000000000000e-01,6.27500000000000e-01,2.50500000000000e-01,1.17500000000000e-01,2.35000000000000e-01
6.00000000000000e-01,4.75000000000000e-01,1.55000000000000e-01,1.21000000000000e+00,6.53000000000000e-01,1.69500000000000e-01,3.20500000000000e-01
4.45000000000000e-01,3.60000000000000e-01,1.10000000000000e-01,4.23500000000000e-01,1.82000000000000e-01,7.65000000000000e-02,1.40000000000000e-01
5.00000000000000e-01,3.75000000000000e-01,1.20000000000000e-01,5.29000000000000e-01,2.23500000000000e-01,1.23000000000000e-01,1.60000000000000e-01
6.30000000000000e-01,5.00000000000000e-01,1.75000000000000e-01,1.26450000000000e+00,5.63500000000000e-01,3.06500000000000e-01,3.42500000000000e-01
4.85000000000000e-01,3.90000000000000e-01,1.00000000000000e-01,5.56500000000000e-01,2.21500000000000e-01,1.15500000000000e-01,1.85000000000000e-01
5.50000000000000e-01,4.20000000000000e-01,1.70000000000000e-01,8.46500000000000e-01,3.36000000000000e-01,2.40500000000000e-01,2.45000000000000e-01
5.20000000000000e-01,3.80000000000000e-01,1.30000000000000e-01,5.34500000000000e-01,2.37500000000000e-01,1.22000000000000e-01,1.53500000000000e-01
5.40000000000000e-01,4.55000000000000e-01,1.40000000000000e-01,9.72000000000000e-01,4.19000000000000e-01,2.55000000000000e-01,2.69000000000000e-01
5.90000000000000e-01,4.65000000000000e-01,1.55000000000000e-01,1.13600000000000e+00,5.24500000000000e-01,2.61500000000000e-01,2.75000000000000e-01
6.75000000000000e-01,5.15000000000000e-01,1.45000000000000e-01,1.26500000000000e+00,6.02500000000000e-01,2.99000000000000e-01,3.25000000000000e-01
3.55000000000000e-01,2.80000000000000e-01,1.00000000000000e-01,2.27500000000000e-01,9.35000000000000e-02,4.55000000000000e-02,8.50000000000000e-02
3.55000000000000e-01,2.65000000000000e-01,8.50000000000000e-02,2.43500000000000e-01,1.22000000000000e-01,5.25000000000000e-02,6.00000000000000e-02
4.85000000000000e-01,3.65000000000000e-01,9.00000000000000e-02,6.51000000000000e-01,3.16500000000000e-01,1.32000000000000e-01,1.80000000000000e-01
6.00000000000000e-01,4.80000000000000e-01,1.55000000000000e-01,1.01400000000000e+00,4.51000000000000e-01,1.88500000000000e-01,3.25000000000000e-01
4.40000000000000e-01,3.45000000000000e-01,1.70000000000000e-01,4.08500000000000e-01,1.50000000000000e-01,8.25000000000000e-02,1.51500000000000e-01
5.25000000000000e-01,4.35000000000000e-01,1.55000000000000e-01,1.06500000000000e+00,4.86000000000000e-01,2.33000000000000e-01,2.85000000000000e-01
6.05000000000000e-01,5.00000000000000e-01,1.85000000000000e-01,1.11850000000000e+00,4.69000000000000e-01,2.58500000000000e-01,3.35000000000000e-01
3.70000000000000e-01,2.80000000000000e-01,9.00000000000000e-02,2.56500000000000e-01,1.25500000000000e-01,6.45000000000000e-02,6.45000000000000e-02
5.00000000000000e-01,4.00000000000000e-01,1.30000000000000e-01,6.64500000000000e-01,2.58000000000000e-01,1.33000000000000e-01,2.40000000000000e-01
6.00000000000000e-01,4.65000000000000e-01,1.60000000000000e-01,1.13300000000000e+00,4.66000000000000e-01,2.88500000000000e-01,2.98000000000000e-01
3.40000000000000e-01,2.50000000000000e-01,9.00000000000000e-02,1.79000000000000e-01,7.75000000000000e-02,3.30000000000000e-02,5.50000000000000e-02
6.05000000000000e-01,4.90000000000000e-01,1.50000000000000e-01,1.13450000000000e+00,4.30500000000000e-01,2.52500000000000e-01,3.50000000000000e-01
3.75000000000000e-01,2.75000000000000e-01,9.50000000000000e-02,2.29500000000000e-01,9.50000000000000e-02,5.45000000000000e-02,6.60000000000000e-02
5.70000000000000e-01,4.55000000000000e-01,1.50000000000000e-01,1.10700000000000e+00,5.40000000000000e-01,2.55000000000000e-01,2.70000000000000e-01
5.70000000000000e-01,4.50000000000000e-01,1.55000000000000e-01,1.19500000000000e+00,5.62500000000000e-01,2.56500000000000e-01,2.95000000000000e-01
6.50000000000000e-01,5.00000000000000e-01,1.85000000000000e-01,1.44150000000000e+00,7.41000000000000e-01,2.95500000000000e-01,3.41000000000000e-01
5.85000000000000e-01,4.60000000000000e-01,1.50000000000000e-01,1.00350000000000e+00,5.03000000000000e-01,2.10500000000000e-01,2.51500000000000e-01
6.70000000000000e-01,5.05000000000000e-01,2.05000000000000e-01,1.36450000000000e+00,6.07500000000000e-01,3.02500000000000e-01,3.53000000000000e-01
2.80000000000000e-01,2.05000000000000e-01,5.50000000000000e-02,1.13500000000000e-01,4.50000000000000e-02,2.75000000000000e-02,3.35000000000000e-02
6.35000000000000e-01,4.90000000000000e-01,1.75000000000000e-01,1.24350000000000e+00,5.80500000000000e-01,3.13000000000000e-01,3.05000000000000e-01
7.10000000000000e-01,5.45000000000000e-01,1.75000000000000e-01,1.90700000000000e+00,8.72500000000000e-01,4.56500000000000e-01,4.75000000000000e-01
3.45000000000000e-01,2.70000000000000e-01,1.10000000000000e-01,2.13500000000000e-01,8.20000000000000e-02,5.45000000000000e-02,7.00000000000000e-02
3.25000000000000e-01,2.60000000000000e-01,9.00000000000000e-02,1.91500000000000e-01,8.50000000000000e-02,3.60000000000000e-02,6.20000000000000e-02
4.60000000000000e-01,3.50000000000000e-01,1.20000000000000e-01,4.88500000000000e-01,1.93000000000000e-01,1.05000000000000e-01,1.55000000000000e-01
6.50000000000000e-01,5.25000000000000e-01,1.90000000000000e-01,1.49950000000000e+00,6.26500000000000e-01,4.00500000000000e-01,3.95000000000000e-01
5.70000000000000e-01,4.50000000000000e-01,1.35000000000000e-01,7.80500000000000e-01,3.34500000000000e-01,1.85000000000000e-01,2.10000000000000e-01
3.40000000000000e-01,2.50000000000000e-01,7.50000000000000e-02,1.78500000000000e-01,6.65000000000000e-02,4.55000000000000e-02,4.50000000000000e-02
4.80000000000000e-01,3.55000000000000e-01,1.15000000000000e-01,4.72500000000000e-01,2.06500000000000e-01,1.12000000000000e-01,1.32000000000000e-01
5.60000000000000e-01,4.45000000000000e-01,1.80000000000000e-01,9.03000000000000e-01,3.57500000000000e-01,2.04500000000000e-01,2.95000000000000e-01
6.70000000000000e-01,5.25000000000000e-01,1.90000000000000e-01,1.52700000000000e+00,5.75500000000000e-01,3.53000000000000e-01,4.40000000000000e-01
6.10000000000000e-01,4.65000000000000e-01,1.60000000000000e-01,1.07250000000000e+00,4.83500000000000e-01,2.51500000000000e-01,2.80000000000000e-01
5.05000000000000e-01,3.85000000000000e-01,1.15000000000000e-01,4.82500000000000e-01,2.10000000000000e-01,1.03500000000000e-01,1.53500000000000e-01
4.70000000000000e-01,3.70000000000000e-01,1.80000000000000e-01,5.10000000000000e-01,1.91500000000000e-01,1.28500000000000e-01,1.62500000000000e-01
3.10000000000000e-01,2.35000000000000e-01,7.00000000000000e-02,1.51000000000000e-01,6.30000000000000e-02,4.05000000000000e-02,4.50000000000000e-02
5.90000000000000e-01,4.60000000000000e-01,1.60000000000000e-01,1.01150000000000e+00,4.45000000000000e-01,2.61500000000000e-01,2.56500000000000e-01
5.45000000000000e-01,4.30000000000000e-01,1.50000000000000e-01,7.28500000000000e-01,3.02000000000000e-01,1.31500000000000e-01,2.54500000000000e-01
2.20000000000000e-01,1.65000000000000e-01,5.50000000000000e-02,5.45000000000000e-02,2.15000000000000e-02,1.20000000000000e-02,2.00000000000000e-02
3.55000000000000e-01,2.70000000000000e-01,7.50000000000000e-02,2.04000000000000e-01,3.04500000000000e-01,4.60000000000000e-02,5.95000000000000e-02
5.85000000000000e-01,4.80000000000000e-01,1.85000000000000e-01,1.04000000000000e+00,4.34000000000000e-01,2.65000000000000e-01,2.85000000000000e-01
3.15000000000000e-01,2.35000000000000e-01,7.50000000000000e-02,1.48500000000000e-01,5.85000000000000e-02,3.75000000000000e-02,4.25000000000000e-02
6.00000000000000e-01,4.60000000000000e-01,1.55000000000000e-01,9.59500000000000e-01,4.45500000000000e-01,1.89000000000000e-01,2.95000000000000e-01
6.00000000000000e-01,5.00000000000000e-01,1.60000000000000e-01,1.01500000000000e+00,3.99500000000000e-01,1.73500000000000e-01,3.30000000000000e-01
5.30000000000000e-01,4.15000000000000e-01,1.45000000000000e-01,9.44000000000000e-01,3.84500000000000e-01,1.85000000000000e-01,2.65000000000000e-01
3.20000000000000e-01,2.35000000000000e-01,9.00000000000000e-02,1.83000000000000e-01,9.80000000000000e-02,3.35000000000000e-02,4.20000000000000e-02
6.15000000000000e-01,5.20000000000000e-01,1.50000000000000e-01,1.34350000000000e+00,6.29000000000000e-01,2.60500000000000e-01,3.45000000000000e-01
3.70000000000000e-01,2.90000000000000e-01,1.15000000000000e-01,2.50000000000000e-01,1.11000000000000e-01,5.70000000000000e-02,7.50000000000000e-02
6.50000000000000e-01,5.20000000000000e-01,1.95000000000000e-01,1.62750000000000e+00,6.89000000000000e-01,3.90500000000000e-01,4.32000000000000e-01
5.85000000000000e-01,4.50000000000000e-01,1.45000000000000e-01,9.83500000000000e-01,4.84500000000000e-01,2.42000000000000e-01,2.20000000000000e-01
5.25000000000000e-01,3.95000000000000e-01,1.30000000000000e-01,7.63500000000000e-01,3.37500000000000e-01,1.42500000000000e-01,2.25000000000000e-01
5.30000000000000e-01,4.20000000000000e-01,1.70000000000000e-01,8.28000000000000e-01,4.10000000000000e-01,2.08000000000000e-01,1.50500000000000e-01
5.25000000000000e-01,3.90000000000000e-01,1.20000000000000e-01,6.64000000000000e-01,3.11500000000000e-01,1.47000000000000e-01,1.78000000000000e-01
6.55000000000000e-01,5.05000000000000e-01,1.65000000000000e-01,1.27000000000000e+00,6.03500000000000e-01,2.62000000000000e-01,3.35000000000000e-01
5.75000000000000e-01,4.50000000000000e-01,1.45000000000000e-01,7.95000000000000e-01,3.64000000000000e-01,1.50500000000000e-01,2.60000000000000e-01
6.70000000000000e-01,5.25000000000000e-01,1.95000000000000e-01,1.42000000000000e+00,5.73000000000000e-01,3.68000000000000e-01,3.90500000000000e-01
5.00000000000000e-01,3.85000000000000e-01,1.45000000000000e-01,7.61500000000000e-01,2.46000000000000e-01,1.95000000000000e-01,2.04000000000000e-01
4.40000000000000e-01,3.45000000000000e-01,1.00000000000000e-01,3.66000000000000e-01,1.22000000000000e-01,9.05000000000000e-02,1.20000000000000e-01
6.90000000000000e-01,5.15000000000000e-01,1.80000000000000e-01,1.84450000000000e+00,9.81500000000000e-01,4.65500000000000e-01,3.41000000000000e-01
6.10000000000000e-01,4.70000000000000e-01,1.45000000000000e-01,1.15300000000000e+00,4.03000000000000e-01,2.96000000000000e-01,3.20000000000000e-01
4.80000000000000e-01,3.95000000000000e-01,1.50000000000000e-01,6.81500000000000e-01,2.14500000000000e-01,1.40500000000000e-01,2.49500000000000e-01
6.35000000000000e-01,5.15000000000000e-01,1.90000000000000e-01,1.37150000000000e+00,5.06500000000000e-01,3.05000000000000e-01,4.50000000000000e-01
5.90000000000000e-01,4.80000000000000e-01,1.60000000000000e-01,1.26200000000000e+00,5.68500000000000e-01,2.72500000000000e-01,3.35000000000000e-01
5.40000000000000e-01,4.30000000000000e-01,1.40000000000000e-01,8.19500000000000e-01,3.93500000000000e-01,1.72500000000000e-01,2.29500000000000e-01
3.85000000000000e-01,2.75000000000000e-01,1.15000000000000e-01,2.68500000000000e-01,9.75000000000000e-02,8.25000000000000e-02,8.50000000000000e-02
5.00000000000000e-01,4.00000000000000e-01,1.20000000000000e-01,6.16000000000000e-01,2.61000000000000e-01,1.43000000000000e-01,1.93500000000000e-01
6.50000000000000e-01,5.25000000000000e-01,2.05000000000000e-01,1.42750000000000e+00,6.90000000000000e-01,3.06000000000000e-01,4.35500000000000e-01
5.35000000000000e-01,4.05000000000000e-01,1.40000000000000e-01,7.31500000000000e-01,3.36000000000000e-01,1.56000000000000e-01,1.90000000000000e-01
6.05000000000000e-01,4.90000000000000e-01,1.50000000000000e-01,1.13450000000000e+00,5.26500000000000e-01,2.64500000000000e-01,2.95000000000000e-01
4.75000000000000e-01,3.85000000000000e-01,1.45000000000000e-01,6.17500000000000e-01,2.35000000000000e-01,1.08000000000000e-01,2.15000000000000e-01
5.00000000000000e-01,3.85000000000000e-01,1.20000000000000e-01,5.16000000000000e-01,1.97000000000000e-01,1.30500000000000e-01,1.65000000000000e-01
5.35000000000000e-01,3.90000000000000e-01,1.25000000000000e-01,5.99000000000000e-01,2.59500000000000e-01,1.49000000000000e-01,1.69000000000000e-01
4.15000000000000e-01,3.15000000000000e-01,1.00000000000000e-01,3.64500000000000e-01,1.76500000000000e-01,7.95000000000000e-02,9.50000000000000e-02
3.95000000000000e-01,3.05000000000000e-01,1.05000000000000e-01,2.84000000000000e-01,1.13500000000000e-01,5.95000000000000e-02,9.45000000000000e-02
6.05000000000000e-01,5.15000000000000e-01,1.70000000000000e-01,1.28900000000000e+00,6.00000000000000e-01,2.94500000000000e-01,3.31500000000000e-01
5.20000000000000e-01,3.85000000000000e-01,1.40000000000000e-01,6.59500000000000e-01,2.48500000000000e-01,2.03500000000000e-01,1.60000000000000e-01
5.75000000000000e-01,4.70000000000000e-01,1.65000000000000e-01,8.69000000000000e-01,4.35000000000000e-01,1.97000000000000e-01,2.38000000000000e-01
1.80000000000000e-01,1.35000000000000e-01,8.00000000000000e-02,3.30000000000000e-02,1.45000000000000e-02,7.00000000000000e-03,1.00000000000000e-02
5.85000000000000e-01,4.50000000000000e-01,1.50000000000000e-01,8.91500000000000e-01,3.97500000000000e-01,2.03500000000000e-01,2.53000000000000e-01
6.95000000000000e-01,5.35000000000000e-01,1.75000000000000e-01,1.36100000000000e+00,5.46500000000000e-01,2.81500000000000e-01,4.65000000000000e-01
5.25000000000000e-01,4.05000000000000e-01,1.60000000000000e-01,7.92000000000000e-01,3.16000000000000e-01,1.45500000000000e-01,2.80000000000000e-01
5.80000000000000e-01,4.40000000000000e-01,1.45000000000000e-01,7.90500000000000e-01,3.52500000000000e-01,1.64500000000000e-01,2.42000000000000e-01
4.60000000000000e-01,3.65000000000000e-01,1.10000000000000e-01,4.49500000000000e-01,1.75500000000000e-01,1.02000000000000e-01,1.50000000000000e-01
6.50000000000000e-01,5.25000000000000e-01,1.75000000000000e-01,1.47150000000000e+00,6.75000000000000e-01,3.15000000000000e-01,3.99000000000000e-01
2.50000000000000e-01,1.85000000000000e-01,6.50000000000000e-02,7.10000000000000e-02,2.70000000000000e-02,1.85000000000000e-02,2.25000000000000e-02
5.85000000000000e-01,5.10000000000000e-01,1.60000000000000e-01,1.21800000000000e+00,6.39000000000000e-01,2.41000000000000e-01,3.00000000000000e-01
2.50000000000000e-01,1.75000000000000e-01,6.00000000000000e-02,6.35000000000000e-02,2.75000000000000e-02,8.00000000000000e-03,2.00000000000000e-02
5.35000000000000e-01,4.35000000000000e-01,1.50000000000000e-01,7.17000000000000e-01,3.47500000000000e-01,1.44500000000000e-01,1.94000000000000e-01
7.00000000000000e-01,5.65000000000000e-01,1.80000000000000e-01,1.75100000000000e+00,8.95000000000000e-01,3.35500000000000e-01,4.46000000000000e-01
5.80000000000000e-01,4.30000000000000e-01,1.25000000000000e-01,9.11500000000000e-01,4.46000000000000e-01,2.07500000000000e-01,1.21000000000000e-01
4.95000000000000e-01,3.70000000000000e-01,1.25000000000000e-01,4.77500000000000e-01,1.85000000000000e-01,7.05000000000000e-02,1.69000000000000e-01
5.05000000000000e-01,3.65000000000000e-01,1.15000000000000e-01,5.21000000000000e-01,2.50000000000000e-01,9.60000000000000e-02,1.50000000000000e-01
4.80000000000000e-01,3.50000000000000e-01,1.00000000000000e-01,5.19000000000000e-01,2.36500000000000e-01,1.27500000000000e-01,1.26000000000000e-01
5.00000000000000e-01,3.90000000000000e-01,1.35000000000000e-01,6.59500000000000e-01,3.14500000000000e-01,1.53500000000000e-01,1.56500000000000e-01
3.60000000000000e-01,2.70000000000000e-01,8.50000000000000e-02,2.18500000000000e-01,1.06500000000000e-01,3.80000000000000e-02,6.20000000000000e-02
4.40000000000000e-01,3.40000000000000e-01,1.40000000000000e-01,4.82000000000000e-01,1.86000000000000e-01,1.08500000000000e-01,1.60000000000000e-01
5.30000000000000e-01,4.20000000000000e-01,1.30000000000000e-01,6.58000000000000e-01,2.96000000000000e-01,1.24500000000000e-01,1.98000000000000e-01
6.45000000000000e-01,4.85000000000000e-01,2.15000000000000e-01,1.51400000000000e+00,5.46000000000000e-01,2.61500000000000e-01,6.35000000000000e-01
3.60000000000000e-01,2.75000000000000e-01,1.10000000000000e-01,2.33500000000000e-01,9.50000000000000e-02,5.25000000000000e-02,8.50000000000000e-02
6.15000000000000e-01,5.00000000000000e-01,1.70000000000000e-01,1.05400000000000e+00,4.84500000000000e-01,2.28000000000000e-01,2.95000000000000e-01
4.05000000000000e-01,3.05000000000000e-01,1.05000000000000e-01,3.62500000000000e-01,1.56500000000000e-01,7.05000000000000e-02,1.25000000000000e-01
7.20000000000000e-01,5.75000000000000e-01,2.15000000000000e-01,2.22600000000000e+00,8.95500000000000e-01,4.05000000000000e-01,6.20000000000000e-01
6.60000000000000e-01,5.30000000000000e-01,1.75000000000000e-01,1.58300000000000e+00,7.39500000000000e-01,3.50500000000000e-01,4.05000000000000e-01
6.20000000000000e-01,4.95000000000000e-01,1.95000000000000e-01,1.51450000000000e+00,5.79000000000000e-01,3.46000000000000e-01,5.19500000000000e-01
5.45000000000000e-01,4.05000000000000e-01,1.75000000000000e-01,9.80000000000000e-01,2.58500000000000e-01,2.07000000000000e-01,3.80000000000000e-01
5.70000000000000e-01,4.35000000000000e-01,1.30000000000000e-01,7.53500000000000e-01,3.49000000000000e-01,1.75500000000000e-01,1.94000000000000e-01
6.50000000000000e-01,4.85000000000000e-01,1.60000000000000e-01,1.73950000000000e+00,5.71500000000000e-01,2.78500000000000e-01,3.07500000000000e-01
3.60000000000000e-01,2.70000000000000e-01,9.00000000000000e-02,2.07500000000000e-01,9.80000000000000e-02,3.90000000000000e-02,6.20000000000000e-02
6.00000000000000e-01,4.85000000000000e-01,1.65000000000000e-01,1.14050000000000e+00,5.87000000000000e-01,2.17500000000000e-01,2.88000000000000e-01
7.30000000000000e-01,5.75000000000000e-01,2.10000000000000e-01,2.06900000000000e+00,9.28500000000000e-01,4.09000000000000e-01,6.43000000000000e-01
6.10000000000000e-01,4.50000000000000e-01,1.30000000000000e-01,8.72500000000000e-01,3.89000000000000e-01,1.71500000000000e-01,2.72000000000000e-01
5.05000000000000e-01,3.85000000000000e-01,1.05000000000000e-01,5.52500000000000e-01,2.39000000000000e-01,1.24500000000000e-01,1.55500000000000e-01
6.10000000000000e-01,5.00000000000000e-01,1.80000000000000e-01,1.43800000000000e+00,5.18500000000000e-01,3.73500000000000e-01,3.34500000000000e-01
4.85000000000000e-01,3.70000000000000e-01,1.00000000000000e-01,5.13000000000000e-01,2.19000000000000e-01,1.07500000000000e-01,1.30000000000000e-01
7.10000000000000e-01,5.40000000000000e-01,1.65000000000000e-01,1.95900000000000e+00,7.66500000000000e-01,2.61000000000000e-01,7.80000000000000e-01
6.00000000000000e-01,4.70000000000000e-01,1.65000000000000e-01,1.05900000000000e+00,5.04000000000000e-01,2.41000000000000e-01,2.75000000000000e-01
5.80000000000000e-01,4.60000000000000e-01,1.40000000000000e-01,9.26500000000000e-01,4.13500000000000e-01,1.84500000000000e-01,2.70000000000000e-01
6.20000000000000e-01,4.70000000000000e-01,1.40000000000000e-01,8.56500000000000e-01,3.59500000000000e-01,1.60000000000000e-01,2.95000000000000e-01
5.15000000000000e-01,4.35000000000000e-01,1.70000000000000e-01,6.31000000000000e-01,2.76500000000000e-01,1.11000000000000e-01,2.16000000000000e-01
5.40000000000000e-01,4.15000000000000e-01,1.10000000000000e-01,6.19000000000000e-01,2.75500000000000e-01,1.50000000000000e-01,1.76500000000000e-01
5.65000000000000e-01,4.30000000000000e-01,1.50000000000000e-01,8.31000000000000e-01,4.24500000000000e-01,1.73500000000000e-01,2.19000000000000e-01
3.75000000000000e-01,2.80000000000000e-01,8.00000000000000e-02,2.34500000000000e-01,1.12500000000000e-01,4.55000000000000e-02,6.70000000000000e-02
6.10000000000000e-01,4.60000000000000e-01,1.70000000000000e-01,1.27800000000000e+00,4.10000000000000e-01,2.57000000000000e-01,3.70000000000000e-01
6.40000000000000e-01,5.15000000000000e-01,1.65000000000000e-01,1.31150000000000e+00,4.94500000000000e-01,2.55500000000000e-01,4.10000000000000e-01
4.50000000000000e-01,3.50000000000000e-01,1.35000000000000e-01,5.60000000000000e-01,2.31000000000000e-01,1.37000000000000e-01,1.45000000000000e-01
5.30000000000000e-01,4.00000000000000e-01,1.25000000000000e-01,7.57500000000000e-01,3.98000000000000e-01,1.51000000000000e-01,1.75000000000000e-01
5.30000000000000e-01,4.05000000000000e-01,1.30000000000000e-01,7.38000000000000e-01,2.84500000000000e-01,1.70000000000000e-01,1.93000000000000e-01
5.20000000000000e-01,4.00000000000000e-01,1.30000000000000e-01,6.24500000000000e-01,2.15000000000000e-01,2.06500000000000e-01,1.70000000000000e-01
6.25000000000000e-01,4.95000000000000e-01,1.60000000000000e-01,1.11150000000000e+00,4.49500000000000e-01,2.82500000000000e-01,3.45000000000000e-01
5.50000000000000e-01,4.50000000000000e-01,1.40000000000000e-01,7.53000000000000e-01,3.44500000000000e-01,1.32500000000000e-01,2.40000000000000e-01
1.75000000000000e-01,1.30000000000000e-01,5.50000000000000e-02,3.15000000000000e-02,1.05000000000000e-02,6.50000000000000e-03,1.25000000000000e-02
6.75000000000000e-01,5.30000000000000e-01,1.75000000000000e-01,1.44650000000000e+00,6.77500000000000e-01,3.30000000000000e-01,3.89000000000000e-01
5.95000000000000e-01,4.75000000000000e-01,1.70000000000000e-01,1.09650000000000e+00,4.19000000000000e-01,2.29000000000000e-01,3.50000000000000e-01
6.95000000000000e-01,5.50000000000000e-01,2.05000000000000e-01,2.17300000000000e+00,1.13300000000000e+00,4.66500000000000e-01,4.96000000000000e-01
2.85000000000000e-01,2.10000000000000e-01,7.50000000000000e-02,1.18500000000000e-01,5.50000000000000e-02,2.85000000000000e-02,4.00000000000000e-02
6.10000000000000e-01,4.60000000000000e-01,1.45000000000000e-01,1.11850000000000e+00,4.78000000000000e-01,2.94500000000000e-01,2.98500000000000e-01
5.60000000000000e-01,4.45000000000000e-01,1.55000000000000e-01,1.22400000000000e+00,5.56500000000000e-01,3.22500000000000e-01,2.69500000000000e-01
3.35000000000000e-01,2.45000000000000e-01,9.00000000000000e-02,2.01500000000000e-01,9.60000000000000e-02,4.05000000000000e-02,4.80000000000000e-02
4.70000000000000e-01,3.55000000000000e-01,1.45000000000000e-01,4.48500000000000e-01,1.56000000000000e-01,1.02000000000000e-01,1.23000000000000e-01
4.25000000000000e-01,3.25000000000000e-01,1.10000000000000e-01,4.05000000000000e-01,1.69500000000000e-01,9.20000000000000e-02,1.06500000000000e-01
7.00000000000000e-01,5.35000000000000e-01,1.75000000000000e-01,1.77300000000000e+00,6.80500000000000e-01,4.80000000000000e-01,5.12000000000000e-01
7.25000000000000e-01,5.50000000000000e-01,2.20000000000000e-01,2.04950000000000e+00,7.73500000000000e-01,4.40500000000000e-01,6.55000000000000e-01
5.00000000000000e-01,3.70000000000000e-01,1.15000000000000e-01,5.74500000000000e-01,3.06000000000000e-01,1.12000000000000e-01,1.41000000000000e-01
7.00000000000000e-01,5.75000000000000e-01,1.70000000000000e-01,1.31000000000000e+00,5.09500000000000e-01,3.14000000000000e-01,4.20000000000000e-01
4.35000000000000e-01,3.30000000000000e-01,1.05000000000000e-01,3.35000000000000e-01,1.56000000000000e-01,5.55000000000000e-02,1.05000000000000e-01
5.75000000000000e-01,4.55000000000000e-01,1.45000000000000e-01,1.16500000000000e+00,5.81000000000000e-01,2.27500000000000e-01,3.00000000000000e-01
5.90000000000000e-01,4.75000000000000e-01,1.55000000000000e-01,9.71500000000000e-01,3.71000000000000e-01,2.35000000000000e-01,2.80000000000000e-01
7.00000000000000e-01,5.35000000000000e-01,1.60000000000000e-01,1.72550000000000e+00,6.30000000000000e-01,2.63500000000000e-01,5.40000000000000e-01
6.50000000000000e-01,4.95000000000000e-01,1.55000000000000e-01,1.33700000000000e+00,6.15000000000000e-01,3.19500000000000e-01,3.35000000000000e-01
4.50000000000000e-01,3.40000000000000e-01,9.50000000000000e-02,3.24500000000000e-01,1.38500000000000e-01,6.40000000000000e-02,1.05000000000000e-01
5.55000000000000e-01,4.05000000000000e-01,1.20000000000000e-01,9.13000000000000e-01,4.58500000000000e-01,1.96000000000000e-01,2.06500000000000e-01
5.90000000000000e-01,4.90000000000000e-01,1.35000000000000e-01,1.00800000000000e+00,4.22000000000000e-01,2.24500000000000e-01,2.85000000000000e-01
6.00000000000000e-01,4.45000000000000e-01,1.35000000000000e-01,9.20500000000000e-01,4.45000000000000e-01,2.03500000000000e-01,2.53000000000000e-01
5.80000000000000e-01,4.65000000000000e-01,1.50000000000000e-01,9.06500000000000e-01,3.71000000000000e-01,1.96500000000000e-01,2.90000000000000e-01
5.00000000000000e-01,3.85000000000000e-01,1.55000000000000e-01,7.62000000000000e-01,3.79500000000000e-01,1.61000000000000e-01,1.90000000000000e-01
5.30000000000000e-01,4.15000000000000e-01,1.15000000000000e-01,5.91500000000000e-01,2.33000000000000e-01,1.58500000000000e-01,1.80000000000000e-01
6.35000000000000e-01,4.95000000000000e-01,1.70000000000000e-01,1.36950000000000e+00,6.57000000000000e-01,3.05500000000000e-01,3.65000000000000e-01
5.85000000000000e-01,4.65000000000000e-01,1.70000000000000e-01,9.91500000000000e-01,3.86500000000000e-01,2.24000000000000e-01,2.65000000000000e-01
5.20000000000000e-01,4.00000000000000e-01,1.20000000000000e-01,6.51500000000000e-01,2.61000000000000e-01,2.01500000000000e-01,1.65000000000000e-01
2.80000000000000e-01,2.15000000000000e-01,7.00000000000000e-02,1.24000000000000e-01,6.30000000000000e-02,2.15000000000000e-02,3.00000000000000e-02
6.65000000000000e-01,5.10000000000000e-01,1.75000000000000e-01,1.38050000000000e+00,6.75000000000000e-01,2.98500000000000e-01,3.25000000000000e-01
6.45000000000000e-01,4.90000000000000e-01,1.60000000000000e-01,1.14400000000000e+00,5.01500000000000e-01,2.89000000000000e-01,3.19000000000000e-01
5.90000000000000e-01,4.60000000000000e-01,1.45000000000000e-01,9.90500000000000e-01,4.53000000000000e-01,2.20500000000000e-01,2.75000000000000e-01
6.15000000000000e-01,4.75000000000000e-01,1.30000000000000e-01,8.42500000000000e-01,3.53000000000000e-01,1.91500000000000e-01,2.51000000000000e-01
4.00000000000000e-01,2.95000000000000e-01,9.50000000000000e-02,2.52000000000000e-01,1.10500000000000e-01,5.75000000000000e-02,6.60000000000000e-02
4.80000000000000e-01,4.00000000000000e-01,1.25000000000000e-01,7.59000000000000e-01,2.12500000000000e-01,1.79000000000000e-01,2.40000000000000e-01
5.35000000000000e-01,4.05000000000000e-01,1.45000000000000e-01,6.84500000000000e-01,2.72500000000000e-01,1.71000000000000e-01,2.05000000000000e-01
4.10000000000000e-01,3.00000000000000e-01,1.00000000000000e-01,2.82000000000000e-01,1.25500000000000e-01,5.70000000000000e-02,8.75000000000000e-02
6.80000000000000e-01,5.05000000000000e-01,1.70000000000000e-01,1.34350000000000e+00,6.57000000000000e-01,2.97000000000000e-01,3.55000000000000e-01
2.95000000000000e-01,2.20000000000000e-01,6.50000000000000e-02,1.29500000000000e-01,5.20000000000000e-02,2.80000000000000e-02,3.50000000000000e-02
6.45000000000000e-01,5.00000000000000e-01,1.80000000000000e-01,1.46100000000000e+00,5.98500000000000e-01,2.42500000000000e-01,4.39000000000000e-01
5.00000000000000e-01,3.75000000000000e-01,1.45000000000000e-01,5.79500000000000e-01,2.39000000000000e-01,1.37500000000000e-01,1.85000000000000e-01
5.95000000000000e-01,4.65000000000000e-01,1.40000000000000e-01,1.11300000000000e+00,5.17500000000000e-01,2.44000000000000e-01,3.05000000000000e-01
3.60000000000000e-01,3.00000000000000e-01,8.50000000000000e-02,2.70000000000000e-01,1.18500000000000e-01,6.40000000000000e-02,7.45000000000000e-02
5.25000000000000e-01,4.00000000000000e-01,1.45000000000000e-01,6.09500000000000e-01,2.48000000000000e-01,1.59000000000000e-01,1.75000000000000e-01
7.00000000000000e-01,5.80000000000000e-01,2.05000000000000e-01,2.13000000000000e+00,7.41500000000000e-01,4.90000000000000e-01,5.80000000000000e-01
5.50000000000000e-01,4.35000000000000e-01,1.60000000000000e-01,9.06000000000000e-01,3.42000000000000e-01,2.19000000000000e-01,2.95000000000000e-01
3.50000000000000e-01,2.65000000000000e-01,9.00000000000000e-02,1.97000000000000e-01,7.30000000000000e-02,3.65000000000000e-02,7.70000000000000e-02
4.05000000000000e-01,3.10000000000000e-01,9.00000000000000e-02,3.12000000000000e-01,1.38000000000000e-01,6.00000000000000e-02,8.70000000000000e-02
6.40000000000000e-01,5.00000000000000e-01,1.70000000000000e-01,1.26450000000000e+00,5.65000000000000e-01,3.37500000000000e-01,3.15000000000000e-01
6.00000000000000e-01,4.65000000000000e-01,1.65000000000000e-01,8.87500000000000e-01,3.09000000000000e-01,2.46000000000000e-01,2.62000000000000e-01
4.20000000000000e-01,3.25000000000000e-01,1.15000000000000e-01,3.14000000000000e-01,1.29500000000000e-01,6.35000000000000e-02,1.00000000000000e-01
4.90000000000000e-01,3.80000000000000e-01,1.35000000000000e-01,5.41500000000000e-01,2.17500000000000e-01,9.50000000000000e-02,1.90000000000000e-01
5.80000000000000e-01,4.55000000000000e-01,1.55000000000000e-01,8.36500000000000e-01,3.15000000000000e-01,1.38500000000000e-01,3.20000000000000e-01
4.25000000000000e-01,3.20000000000000e-01,1.00000000000000e-01,3.05500000000000e-01,1.26000000000000e-01,6.00000000000000e-02,1.06000000000000e-01
5.60000000000000e-01,4.15000000000000e-01,1.30000000000000e-01,7.61500000000000e-01,3.69500000000000e-01,1.70000000000000e-01,1.95500000000000e-01
4.90000000000000e-01,3.55000000000000e-01,1.60000000000000e-01,8.79500000000000e-01,3.48500000000000e-01,2.15000000000000e-01,2.82500000000000e-01
4.85000000000000e-01,3.75000000000000e-01,1.25000000000000e-01,5.62000000000000e-01,2.50500000000000e-01,1.34500000000000e-01,1.52500000000000e-01
4.35000000000000e-01,3.35000000000000e-01,1.10000000000000e-01,3.83000000000000e-01,1.55500000000000e-01,6.75000000000000e-02,1.35000000000000e-01
6.35000000000000e-01,5.00000000000000e-01,1.65000000000000e-01,1.45950000000000e+00,7.05000000000000e-01,2.64500000000000e-01,3.90000000000000e-01
5.90000000000000e-01,4.55000000000000e-01,1.60000000000000e-01,1.09000000000000e+00,5.00000000000000e-01,2.21500000000000e-01,2.92000000000000e-01
6.45000000000000e-01,5.10000000000000e-01,1.60000000000000e-01,1.24150000000000e+00,5.81500000000000e-01,2.76000000000000e-01,3.15000000000000e-01
4.85000000000000e-01,3.80000000000000e-01,1.20000000000000e-01,4.72500000000000e-01,2.07500000000000e-01,1.07500000000000e-01,1.47000000000000e-01
6.65000000000000e-01,5.00000000000000e-01,1.70000000000000e-01,1.29750000000000e+00,6.03500000000000e-01,2.91000000000000e-01,3.59500000000000e-01
3.35000000000000e-01,2.50000000000000e-01,9.50000000000000e-02,1.85000000000000e-01,7.95000000000000e-02,4.95000000000000e-02,5.50000000000000e-02
6.15000000000000e-01,4.75000000000000e-01,1.70000000000000e-01,1.10250000000000e+00,4.69500000000000e-01,2.35500000000000e-01,3.45000000000000e-01
6.10000000000000e-01,4.75000000000000e-01,1.60000000000000e-01,1.11550000000000e+00,3.83500000000000e-01,2.23000000000000e-01,3.79000000000000e-01
3.75000000000000e-01,2.90000000000000e-01,1.00000000000000e-01,2.76000000000000e-01,1.17500000000000e-01,5.65000000000000e-02,8.50000000000000e-02
3.70000000000000e-01,2.90000000000000e-01,9.50000000000000e-02,2.49000000000000e-01,1.04500000000000e-01,5.80000000000000e-02,6.70000000000000e-02
3.60000000000000e-01,2.70000000000000e-01,9.00000000000000e-02,1.88500000000000e-01,8.45000000000000e-02,3.85000000000000e-02,5.50000000000000e-02
6.60000000000000e-01,5.25000000000000e-01,1.90000000000000e-01,1.67000000000000e+00,6.52500000000000e-01,4.87500000000000e-01,4.90000000000000e-01
6.40000000000000e-01,4.90000000000000e-01,1.80000000000000e-01,1.36000000000000e+00,6.53000000000000e-01,3.47000000000000e-01,3.05000000000000e-01
3.90000000000000e-01,2.90000000000000e-01,1.00000000000000e-01,2.84500000000000e-01,1.25500000000000e-01,6.35000000000000e-02,8.10000000000000e-02
4.80000000000000e-01,3.70000000000000e-01,1.00000000000000e-01,5.13500000000000e-01,2.43000000000000e-01,1.01500000000000e-01,1.35000000000000e-01
4.40000000000000e-01,3.50000000000000e-01,1.10000000000000e-01,4.58500000000000e-01,2.00000000000000e-01,8.85000000000000e-02,1.30000000000000e-01
4.80000000000000e-01,3.80000000000000e-01,1.30000000000000e-01,6.17500000000000e-01,3.00000000000000e-01,1.42000000000000e-01,1.75000000000000e-01
7.15000000000000e-01,5.35000000000000e-01,1.90000000000000e-01,1.67550000000000e+00,8.89000000000000e-01,3.13000000000000e-01,4.20000000000000e-01
4.85000000000000e-01,3.60000000000000e-01,1.20000000000000e-01,5.15500000000000e-01,2.46500000000000e-01,1.02500000000000e-01,1.47000000000000e-01
4.20000000000000e-01,3.40000000000000e-01,1.15000000000000e-01,4.21500000000000e-01,1.75000000000000e-01,9.30000000000000e-02,1.35000000000000e-01
1.40000000000000e-01,1.05000000000000e-01,3.50000000000000e-02,1.40000000000000e-02,5.50000000000000e-03,2.50000000000000e-03,4.00000000000000e-03
5.20000000000000e-01,4.05000000000000e-01,1.25000000000000e-01,6.43500000000000e-01,2.41500000000000e-01,1.73500000000000e-01,2.10000000000000e-01
5.40000000000000e-01,4.75000000000000e-01,1.55000000000000e-01,9.28000000000000e-01,3.94000000000000e-01,1.94000000000000e-01,2.60000000000000e-01
5.70000000000000e-01,4.50000000000000e-01,1.55000000000000e-01,1.19350000000000e+00,5.13000000000000e-01,2.10000000000000e-01,3.43000000000000e-01
4.65000000000000e-01,3.50000000000000e-01,1.10000000000000e-01,4.08500000000000e-01,1.65000000000000e-01,1.02000000000000e-01,1.31000000000000e-01
3.50000000000000e-01,2.65000000000000e-01,9.00000000000000e-02,1.77500000000000e-01,5.75000000000000e-02,4.20000000000000e-02,6.80000000000000e-02
6.70000000000000e-01,5.40000000000000e-01,1.95000000000000e-01,1.21700000000000e+00,5.32000000000000e-01,2.73500000000000e-01,3.31500000000000e-01
6.05000000000000e-01,5.05000000000000e-01,1.80000000000000e-01,1.43400000000000e+00,7.28500000000000e-01,2.64000000000000e-01,4.31000000000000e-01
5.80000000000000e-01,4.90000000000000e-01,1.30000000000000e-01,1.13350000000000e+00,5.86000000000000e-01,2.56500000000000e-01,2.37000000000000e-01
4.45000000000000e-01,3.30000000000000e-01,1.05000000000000e-01,4.52500000000000e-01,1.80000000000000e-01,1.03000000000000e-01,1.23000000000000e-01
6.60000000000000e-01,5.20000000000000e-01,1.90000000000000e-01,1.55800000000000e+00,7.55000000000000e-01,2.98000000000000e-01,4.00000000000000e-01
3.75000000000000e-01,2.85000000000000e-01,8.00000000000000e-02,2.26000000000000e-01,9.75000000000000e-02,4.00000000000000e-02,7.25000000000000e-02
5.50000000000000e-01,4.25000000000000e-01,1.50000000000000e-01,6.39000000000000e-01,2.69000000000000e-01,1.34500000000000e-01,2.17000000000000e-01
4.90000000000000e-01,4.00000000000000e-01,1.45000000000000e-01,6.63500000000000e-01,2.10000000000000e-01,1.29500000000000e-01,2.51500000000000e-01
6.10000000000000e-01,4.75000000000000e-01,1.55000000000000e-01,9.83000000000000e-01,4.56500000000000e-01,2.28000000000000e-01,2.66000000000000e-01
1.65000000000000e-01,1.10000000000000e-01,2.00000000000000e-02,1.90000000000000e-02,6.50000000000000e-03,2.50000000000000e-03,5.00000000000000e-03
5.85000000000000e-01,4.60000000000000e-01,1.65000000000000e-01,1.11350000000000e+00,5.82500000000000e-01,2.34500000000000e-01,2.74000000000000e-01
6.00000000000000e-01,4.95000000000000e-01,1.65000000000000e-01,1.24150000000000e+00,4.85000000000000e-01,2.77500000000000e-01,3.40000000000000e-01
2.05000000000000e-01,1.55000000000000e-01,4.50000000000000e-02,4.95000000000000e-02,2.35000000000000e-02,1.10000000000000e-02,1.40000000000000e-02
2.55000000000000e-01,1.85000000000000e-01,7.00000000000000e-02,7.50000000000000e-02,2.80000000000000e-02,1.80000000000000e-02,2.50000000000000e-02
5.30000000000000e-01,4.00000000000000e-01,1.65000000000000e-01,7.72000000000000e-01,2.85500000000000e-01,1.97500000000000e-01,2.30000000000000e-01
4.80000000000000e-01,3.65000000000000e-01,1.35000000000000e-01,6.39500000000000e-01,2.94500000000000e-01,1.13000000000000e-01,1.75000000000000e-01
6.20000000000000e-01,5.20000000000000e-01,2.25000000000000e-01,1.18350000000000e+00,3.78000000000000e-01,2.70000000000000e-01,3.95000000000000e-01
6.00000000000000e-01,4.90000000000000e-01,2.10000000000000e-01,1.98750000000000e+00,1.00500000000000e+00,4.19000000000000e-01,4.91000000000000e-01
6.65000000000000e-01,5.20000000000000e-01,1.65000000000000e-01,1.68850000000000e+00,7.29500000000000e-01,4.07000000000000e-01,4.26500000000000e-01
6.60000000000000e-01,5.30000000000000e-01,1.95000000000000e-01,1.55050000000000e+00,6.50500000000000e-01,3.29500000000000e-01,4.95000000000000e-01
2.35000000000000e-01,1.75000000000000e-01,4.00000000000000e-02,7.05000000000000e-02,3.35000000000000e-02,1.50000000000000e-02,2.00000000000000e-02
4.15000000000000e-01,3.30000000000000e-01,1.00000000000000e-01,3.90500000000000e-01,1.92500000000000e-01,7.55000000000000e-02,1.02500000000000e-01
6.35000000000000e-01,5.10000000000000e-01,1.70000000000000e-01,1.35550000000000e+00,6.19000000000000e-01,3.05000000000000e-01,3.90000000000000e-01
4.80000000000000e-01,3.60000000000000e-01,1.25000000000000e-01,5.42000000000000e-01,2.79500000000000e-01,1.02500000000000e-01,1.47000000000000e-01
5.40000000000000e-01,4.15000000000000e-01,1.30000000000000e-01,8.24500000000000e-01,2.72000000000000e-01,2.26000000000000e-01,2.40000000000000e-01
4.50000000000000e-01,3.30000000000000e-01,1.05000000000000e-01,4.95500000000000e-01,2.57500000000000e-01,8.20000000000000e-02,1.29000000000000e-01
4.80000000000000e-01,3.80000000000000e-01,1.25000000000000e-01,5.23000000000000e-01,2.10500000000000e-01,1.04500000000000e-01,1.75000000000000e-01
3.15000000000000e-01,2.40000000000000e-01,8.50000000000000e-02,1.71500000000000e-01,7.10000000000000e-02,3.45000000000000e-02,5.35000000000000e-02
5.25000000000000e-01,4.00000000000000e-01,1.30000000000000e-01,6.99500000000000e-01,3.11500000000000e-01,1.31000000000000e-01,2.23000000000000e-01
5.05000000000000e-01,3.90000000000000e-01,1.30000000000000e-01,6.74000000000000e-01,3.16500000000000e-01,1.41000000000000e-01,1.78500000000000e-01
4.00000000000000e-01,3.20000000000000e-01,1.10000000000000e-01,3.53000000000000e-01,1.40500000000000e-01,9.85000000000000e-02,1.00000000000000e-01
6.40000000000000e-01,4.80000000000000e-01,1.45000000000000e-01,1.11450000000000e+00,5.08000000000000e-01,2.40000000000000e-01,3.40000000000000e-01
5.95000000000000e-01,4.65000000000000e-01,1.75000000000000e-01,1.11500000000000e+00,4.01500000000000e-01,2.54000000000000e-01,3.90000000000000e-01
7.00000000000000e-01,5.55000000000000e-01,2.20000000000000e-01,1.66600000000000e+00,6.47000000000000e-01,4.28500000000000e-01,4.55000000000000e-01
5.95000000000000e-01,4.70000000000000e-01,1.55000000000000e-01,1.12100000000000e+00,4.51500000000000e-01,1.78000000000000e-01,1.55000000000000e-01
5.25000000000000e-01,4.15000000000000e-01,1.70000000000000e-01,8.32500000000000e-01,2.75500000000000e-01,1.68500000000000e-01,3.10000000000000e-01
4.40000000000000e-01,3.55000000000000e-01,1.25000000000000e-01,4.77500000000000e-01,1.32000000000000e-01,8.15000000000000e-02,1.90000000000000e-01
6.75000000000000e-01,5.10000000000000e-01,1.70000000000000e-01,1.52700000000000e+00,8.09000000000000e-01,3.18000000000000e-01,3.41000000000000e-01
6.20000000000000e-01,5.00000000000000e-01,1.75000000000000e-01,1.10700000000000e+00,4.89500000000000e-01,2.40000000000000e-01,3.43000000000000e-01
4.55000000000000e-01,3.55000000000000e-01,8.00000000000000e-02,4.52000000000000e-01,2.16500000000000e-01,9.95000000000000e-02,1.25000000000000e-01
5.35000000000000e-01,4.35000000000000e-01,1.40000000000000e-01,8.74000000000000e-01,3.73500000000000e-01,2.29000000000000e-01,2.19500000000000e-01
6.30000000000000e-01,5.00000000000000e-01,1.70000000000000e-01,1.31350000000000e+00,5.59500000000000e-01,2.67000000000000e-01,4.00000000000000e-01
6.00000000000000e-01,4.70000000000000e-01,1.50000000000000e-01,9.28000000000000e-01,4.22500000000000e-01,1.83000000000000e-01,2.75000000000000e-01
5.15000000000000e-01,4.05000000000000e-01,1.45000000000000e-01,6.95000000000000e-01,2.15000000000000e-01,1.63500000000000e-01,2.34000000000000e-01
3.85000000000000e-01,3.00000000000000e-01,1.00000000000000e-01,2.89500000000000e-01,1.21500000000000e-01,6.30000000000000e-02,9.00000000000000e-02
6.55000000000000e-01,5.15000000000000e-01,1.55000000000000e-01,1.30900000000000e+00,5.24000000000000e-01,3.46000000000000e-01,3.85000000000000e-01
4.85000000000000e-01,3.90000000000000e-01,1.35000000000000e-01,6.17000000000000e-01,2.50000000000000e-01,1.34500000000000e-01,1.63500000000000e-01
6.00000000000000e-01,4.65000000000000e-01,1.55000000000000e-01,1.01650000000000e+00,5.12000000000000e-01,2.46500000000000e-01,2.25000000000000e-01
6.70000000000000e-01,5.20000000000000e-01,1.95000000000000e-01,1.80650000000000e+00,7.58000000000000e-01,3.73500000000000e-01,5.05500000000000e-01
7.35000000000000e-01,5.90000000000000e-01,2.15000000000000e-01,1.74700000000000e+00,7.27500000000000e-01,4.03000000000000e-01,5.57000000000000e-01
4.85000000000000e-01,3.90000000000000e-01,1.25000000000000e-01,5.91000000000000e-01,2.87000000000000e-01,1.41000000000000e-01,1.20000000000000e-01
3.45000000000000e-01,2.55000000000000e-01,8.00000000000000e-02,1.69000000000000e-01,6.00000000000000e-02,4.25000000000000e-02,5.40000000000000e-02
4.90000000000000e-01,3.95000000000000e-01,1.35000000000000e-01,5.54500000000000e-01,2.13000000000000e-01,9.25000000000000e-02,2.15000000000000e-01
6.75000000000000e-01,5.10000000000000e-01,1.95000000000000e-01,1.38200000000000e+00,6.04500000000000e-01,3.17500000000000e-01,3.96500000000000e-01
3.00000000000000e-01,2.20000000000000e-01,6.50000000000000e-02,1.23500000000000e-01,5.90000000000000e-02,2.60000000000000e-02,3.15000000000000e-02
4.75000000000000e-01,3.80000000000000e-01,1.20000000000000e-01,4.41000000000000e-01,1.78500000000000e-01,8.85000000000000e-02,1.50500000000000e-01
3.45000000000000e-01,2.55000000000000e-01,9.50000000000000e-02,1.94500000000000e-01,9.25000000000000e-02,3.70000000000000e-02,5.50000000000000e-02
5.15000000000000e-01,4.00000000000000e-01,1.60000000000000e-01,8.17500000000000e-01,2.51500000000000e-01,1.56000000000000e-01,3.00000000000000e-01
5.95000000000000e-01,4.60000000000000e-01,1.60000000000000e-01,9.21000000000000e-01,4.00500000000000e-01,2.02500000000000e-01,2.87500000000000e-01
6.80000000000000e-01,5.50000000000000e-01,2.00000000000000e-01,1.59600000000000e+00,5.25000000000000e-01,4.07500000000000e-01,5.85000000000000e-01
5.00000000000000e-01,3.80000000000000e-01,1.55000000000000e-01,6.55000000000000e-01,2.40500000000000e-01,1.43000000000000e-01,2.05000000000000e-01
4.95000000000000e-01,3.80000000000000e-01,1.45000000000000e-01,5.15000000000000e-01,1.75000000000000e-01,9.80000000000000e-02,2.12000000000000e-01
4.15000000000000e-01,3.25000000000000e-01,1.10000000000000e-01,3.16000000000000e-01,1.38500000000000e-01,7.95000000000000e-02,9.25000000000000e-02
4.55000000000000e-01,3.55000000000000e-01,1.05000000000000e-01,3.72000000000000e-01,1.38000000000000e-01,7.65000000000000e-02,1.35000000000000e-01
6.50000000000000e-01,5.25000000000000e-01,1.90000000000000e-01,1.61250000000000e+00,7.77000000000000e-01,3.68500000000000e-01,3.96500000000000e-01
4.95000000000000e-01,3.90000000000000e-01,1.50000000000000e-01,8.53000000000000e-01,3.28500000000000e-01,1.89000000000000e-01,2.70000000000000e-01
6.35000000000000e-01,5.10000000000000e-01,1.55000000000000e-01,1.15600000000000e+00,4.28000000000000e-01,2.89000000000000e-01,3.15000000000000e-01
5.80000000000000e-01,4.75000000000000e-01,1.50000000000000e-01,9.70000000000000e-01,3.85000000000000e-01,2.16500000000000e-01,3.50000000000000e-01
6.00000000000000e-01,4.75000000000000e-01,1.60000000000000e-01,1.16400000000000e+00,5.04500000000000e-01,2.63500000000000e-01,3.35000000000000e-01
6.30000000000000e-01,4.90000000000000e-01,1.70000000000000e-01,1.21700000000000e+00,5.51500000000000e-01,2.12000000000000e-01,3.10000000000000e-01
5.80000000000000e-01,4.35000000000000e-01,1.55000000000000e-01,8.78500000000000e-01,4.25000000000000e-01,1.68500000000000e-01,2.42500000000000e-01
6.20000000000000e-01,4.75000000000000e-01,1.60000000000000e-01,1.32450000000000e+00,6.86500000000000e-01,2.33000000000000e-01,3.27500000000000e-01
6.10000000000000e-01,4.95000000000000e-01,1.85000000000000e-01,1.10850000000000e+00,3.70500000000000e-01,3.13500000000000e-01,3.30000000000000e-01
