7.50000000000000e-01,5.50000000000000e-01,1.80000000000000e-01,1.89300000000000e+00,9.42000000000000e-01,3.97000000000000e-01,4.45000000000000e-01
5.95000000000000e-01,4.65000000000000e-01,1.50000000000000e-01,9.19000000000000e-01,4.33500000000000e-01,1.76500000000000e-01,2.62000000000000e-01
4.50000000000000e-01,3.35000000000000e-01,1.05000000000000e-01,4.47000000000000e-01,2.33500000000000e-01,1.53000000000000e-01,1.19000000000000e-01
4.45000000000000e-01,3.70000000000000e-01,1.25000000000000e-01,5.15000000000000e-01,2.49500000000000e-01,8.70000000000000e-02,1.59000000000000e-01
3.85000000000000e-01,2.90000000000000e-01,9.00000000000000e-02,2.32000000000000e-01,8.55000000000000e-02,4.95000000000000e-02,8.00000000000000e-02
4.70000000000000e-01,3.70000000000000e-01,1.80000000000000e-01,5.10000000000000e-01,1.91500000000000e-01,1.28500000000000e-01,1.62500000000000e-01
6.50000000000000e-01,5.25000000000000e-01,1.65000000000000e-01,1.23800000000000e+00,6.47000000000000e-01,2.48500000000000e-01,3.00500000000000e-01
4.30000000000000e-01,3.35000000000000e-01,1.20000000000000e-01,4.44000000000000e-01,1.55000000000000e-01,1.14500000000000e-01,1.40000000000000e-01
5.10000000000000e-01,3.85000000000000e-01,1.45000000000000e-01,7.66500000000000e-01,3.98500000000000e-01,1.40000000000000e-01,1.80500000000000e-01
5.35000000000000e-01,4.05000000000000e-01,1.40000000000000e-01,7.31500000000000e-01,3.36000000000000e-01,1.56000000000000e-01,1.90000000000000e-01
5.85000000000000e-01,4.55000000000000e-01,2.25000000000000e-01,1.05500000000000e+00,3.81500000000000e-01,2.21000000000000e-01,3.65000000000000e-01
4.50000000000000e-01,3.45000000000000e-01,1.35000000000000e-01,4.43000000000000e-01,1.97500000000000e-01,8.75000000000000e-02,1.17500000000000e-01
3.60000000000000e-01,2.95000000000000e-01,1.30000000000000e-01,2.76500000000000e-01,8.95000000000000e-02,5.70000000000000e-02,1.00500000000000e-01
5.05000000000000e-01,3.85000000000000e-01,1.05000000000000e-01,5.52500000000000e-01,2.39000000000000e-01,1.24500000000000e-01,1.55500000000000e-01
4.60000000000000e-01,3.60000000000000e-01,1.35000000000000e-01,6.10500000000000e-01,1.95500000000000e-01,1.07000000000000e-01,2.35000000000000e-01
4.05000000000000e-01,3.15000000000000e-01,1.05000000000000e-01,3.47000000000000e-01,1.60500000000000e-01,7.85000000000000e-02,1.00000000000000e-01
5.00000000000000e-01,4.10000000000000e-01,1.40000000000000e-01,6.61500000000000e-01,2.58500000000000e-01,1.62500000000000e-01,1.96000000000000e-01
5.50000000000000e-01,4.25000000000000e-01,1.45000000000000e-01,7.97000000000000e-01,2.97000000000000e-01,1.50000000000000e-01,2.65000000000000e-01
4.00000000000000e-01,3.10000000000000e-01,1.15000000000000e-01,3.46500000000000e-01,1.47500000000000e-01,6.95000000000000e-02,1.15000000000000e-01
6.15000000000000e-01,4.70000000000000e-01,1.60000000000000e-01,1.01750000000000e+00,4.73000000000000e-01,2.39500000000000e-01,2.80000000000000e-01
5.80000000000000e-01,4.60000000000000e-01,1.30000000000000e-01,9.21000000000000e-01,3.57000000000000e-01,1.81000000000000e-01,2.90000000000000e-01
4.65000000000000e-01,3.50000000000000e-01,1.25000000000000e-01,4.82000000000000e-01,2.30000000000000e-01,1.06000000000000e-01,1.09500000000000e-01
6.25000000000000e-01,4.75000000000000e-01,1.60000000000000e-01,1.33350000000000e+00,6.05000000000000e-01,2.87500000000000e-01,3.19000000000000e-01
6.75000000000000e-01,5.10000000000000e-01,1.70000000000000e-01,1.52700000000000e+00,8.09000000000000e-01,3.18000000000000e-01,3.41000000000000e-01
6.40000000000000e-01,5.00000000000000e-01,1.50000000000000e-01,1.07050000000000e+00,3.71000000000000e-01,2.70500000000000e-01,3.60000000000000e-01
6.60000000000000e-01,5.25000000000000e-01,2.15000000000000e-01,1.78600000000000e+00,6.72500000000000e-01,3.61500000000000e-01,4.06500000000000e-01
6.95000000000000e-01,5.25000000000000e-01,2.05000000000000e-01,1.81850000000000e+00,8.19000000000000e-01,4.02500000000000e-01,4.52500000000000e-01
2.70000000000000e-01,1.95000000000000e-01,6.50000000000000e-02,1.06500000000000e-01,4.75000000000000e-02,2.25000000000000e-02,2.85000000000000e-02
5.15000000000000e-01,3.50000000000000e-01,1.55000000000000e-01,9.22500000000000e-01,4.18500000000000e-01,1.98000000000000e-01,2.73000000000000e-01
4.15000000000000e-01,3.15000000000000e-01,1.05000000000000e-01,3.30000000000000e-01,1.40500000000000e-01,7.05000000000000e-02,9.50000000000000e-02
5.90000000000000e-01,4.70000000000000e-01,1.50000000000000e-01,9.95500000000000e-01,4.81000000000000e-01,2.32000000000000e-01,2.40000000000000e-01
4.85000000000000e-01,3.65000000000000e-01,1.40000000000000e-01,6.19500000000000e-01,2.59500000000000e-01,1.44500000000000e-01,1.77000000000000e-01
5.35000000000000e-01,4.20000000000000e-01,1.60000000000000e-01,7.46500000000000e-01,3.48000000000000e-01,1.51500000000000e-01,2.18500000000000e-01
4.85000000000000e-01,3.85000000000000e-01,1.25000000000000e-01,4.77500000000000e-01,2.00000000000000e-01,7.85000000000000e-02,1.70000000000000e-01
4.45000000000000e-01,3.35000000000000e-01,1.40000000000000e-01,4.56500000000000e-01,1.78500000000000e-01,1.14000000000000e-01,1.40000000000000e-01
6.50000000000000e-01,5.25000000000000e-01,1.90000000000000e-01,1.36850000000000e+00,5.97500000000000e-01,2.96000000000000e-01,4.00000000000000e-01
4.60000000000000e-01,3.45000000000000e-01,1.15000000000000e-01,4.21500000000000e-01,1.89500000000000e-01,1.02000000000000e-01,1.11000000000000e-01
6.00000000000000e-01,4.70000000000000e-01,1.90000000000000e-01,1.13450000000000e+00,4.92000000000000e-01,2.59500000000000e-01,3.37500000000000e-01
6.25000000000000e-01,5.00000000000000e-01,1.95000000000000e-01,1.36900000000000e+00,5.87500000000000e-01,2.18500000000000e-01,3.70000000000000e-01
4.00000000000000e-01,3.15000000000000e-01,1.05000000000000e-01,2.87000000000000e-01,1.13500000000000e-01,3.70000000000000e-02,1.13000000000000e-01
4.10000000000000e-01,3.25000000000000e-01,1.05000000000000e-01,3.61000000000000e-01,1.60500000000000e-01,6.65000000000000e-02,1.03000000000000e-01
4.50000000000000e-01,3.50000000000000e-01,1.25000000000000e-01,4.43500000000000e-01,1.85000000000000e-01,9.00000000000000e-02,1.45000000000000e-01
2.50000000000000e-01,1.80000000000000e-01,6.50000000000000e-02,8.05000000000000e-02,3.45000000000000e-02,1.85000000000000e-02,2.15000000000000e-02
6.35000000000000e-01,5.00000000000000e-01,1.80000000000000e-01,1.29150000000000e+00,5.94000000000000e-01,2.69500000000000e-01,3.70000000000000e-01
5.20000000000000e-01,3.95000000000000e-01,1.80000000000000e-01,6.40000000000000e-01,1.58000000000000e-01,1.10000000000000e-01,2.45000000000000e-01
4.40000000000000e-01,3.50000000000000e-01,1.10000000000000e-01,4.58500000000000e-01,2.00000000000000e-01,8.85000000000000e-02,1.30000000000000e-01
5.80000000000000e-01,4.40000000000000e-01,1.75000000000000e-01,1.07300000000000e+00,4.00500000000000e-01,2.34500000000000e-01,3.35000000000000e-01
6.55000000000000e-01,4.55000000000000e-01,1.70000000000000e-01,1.28950000000000e+00,5.87000000000000e-01,3.16500000000000e-01,3.41500000000000e-01
6.15000000000000e-01,4.80000000000000e-01,1.85000000000000e-01,1.22050000000000e+00,4.98500000000000e-01,3.15000000000000e-01,3.30000000000000e-01
4.90000000000000e-01,3.80000000000000e-01,1.35000000000000e-01,5.41500000000000e-01,2.17500000000000e-01,9.50000000000000e-02,1.90000000000000e-01
3.55000000000000e-01,2.80000000000000e-01,1.10000000000000e-01,2.23500000000000e-01,8.15000000000000e-02,5.25000000000000e-02,8.00000000000000e-02
5.00000000000000e-01,3.85000000000000e-01,1.20000000000000e-01,5.60000000000000e-01,2.83500000000000e-01,1.03000000000000e-01,1.35000000000000e-01
5.90000000000000e-01,4.65000000000000e-01,1.40000000000000e-01,1.04600000000000e+00,4.69500000000000e-01,2.63000000000000e-01,2.63000000000000e-01
4.00000000000000e-01,3.10000000000000e-01,1.00000000000000e-01,2.87500000000000e-01,1.14500000000000e-01,6.35000000000000e-02,9.50000000000000e-02
5.50000000000000e-01,4.35000000000000e-01,1.70000000000000e-01,8.84000000000000e-01,2.87500000000000e-01,1.64500000000000e-01,2.80000000000000e-01
4.10000000000000e-01,3.35000000000000e-01,1.05000000000000e-01,3.30500000000000e-01,1.40500000000000e-01,6.40000000000000e-02,1.05000000000000e-01
3.45000000000000e-01,2.60000000000000e-01,9.00000000000000e-02,2.07000000000000e-01,7.75000000000000e-02,4.35000000000000e-02,7.65000000000000e-02
5.45000000000000e-01,4.00000000000000e-01,1.40000000000000e-01,7.78000000000000e-01,3.68000000000000e-01,2.15000000000000e-01,1.80000000000000e-01
4.65000000000000e-01,3.60000000000000e-01,1.30000000000000e-01,5.26500000000000e-01,2.10500000000000e-01,1.18500000000000e-01,1.65000000000000e-01
6.50000000000000e-01,5.05000000000000e-01,1.65000000000000e-01,1.35700000000000e+00,5.72500000000000e-01,2.81000000000000e-01,4.30000000000000e-01
5.90000000000000e-01,4.90000000000000e-01,1.65000000000000e-01,1.20700000000000e+00,5.59000000000000e-01,2.35000000000000e-01,3.09000000000000e-01
5.40000000000000e-01,4.20000000000000e-01,1.90000000000000e-01,6.85500000000000e-01,2.93000000000000e-01,1.63000000000000e-01,3.80000000000000e-01
3.30000000000000e-01,2.45000000000000e-01,6.50000000000000e-02,1.44500000000000e-01,5.80000000000000e-02,3.20000000000000e-02,5.05000000000000e-02
6.45000000000000e-01,5.15000000000000e-01,1.85000000000000e-01,1.46050000000000e+00,5.83500000000000e-01,3.15500000000000e-01,4.10000000000000e-01
5.45000000000000e-01,4.10000000000000e-01,1.40000000000000e-01,7.37000000000000e-01,3.49000000000000e-01,1.50000000000000e-01,2.12000000000000e-01
5.00000000000000e-01,3.70000000000000e-01,1.35000000000000e-01,4.50000000000000e-01,1.71500000000000e-01,1.05500000000000e-01,1.55000000000000e-01
6.00000000000000e-01,4.55000000000000e-01,1.55000000000000e-01,9.45000000000000e-01,4.36500000000000e-01,2.08500000000000e-01,2.50000000000000e-01
5.85000000000000e-01,4.60000000000000e-01,1.65000000000000e-01,1.05800000000000e+00,4.86000000000000e-01,2.50000000000000e-01,2.94000000000000e-01
2.55000000000000e-01,1.85000000000000e-01,6.00000000000000e-02,9.25000000000000e-02,3.90000000000000e-02,2.10000000000000e-02,2.50000000000000e-02
3.10000000000000e-01,2.40000000000000e-01,9.00000000000000e-02,1.45500000000000e-01,6.05000000000000e-02,3.15000000000000e-02,4.50000000000000e-02
6.10000000000000e-01,4.80000000000000e-01,1.90000000000000e-01,1.29550000000000e+00,5.21500000000000e-01,3.22500000000000e-01,3.65000000000000e-01
5.80000000000000e-01,4.50000000000000e-01,1.45000000000000e-01,1.00250000000000e+00,5.47000000000000e-01,1.97500000000000e-01,2.29500000000000e-01
5.70000000000000e-01,4.65000000000000e-01,1.80000000000000e-01,1.29500000000000e+00,3.39000000000000e-01,2.22500000000000e-01,4.40000000000000e-01
5.05000000000000e-01,3.80000000000000e-01,1.35000000000000e-01,5.38500000000000e-01,2.64500000000000e-01,9.50000000000000e-02,1.65000000000000e-01
4.85000000000000e-01,3.75000000000000e-01,1.30000000000000e-01,5.53500000000000e-01,2.66000000000000e-01,1.12000000000000e-01,1.57000000000000e-01
4.95000000000000e-01,3.85000000000000e-01,1.35000000000000e-01,7.09000000000000e-01,2.11000000000000e-01,1.37500000000000e-01,2.62000000000000e-01
4.40000000000000e-01,3.50000000000000e-01,1.25000000000000e-01,4.03500000000000e-01,1.75000000000000e-01,6.30000000000000e-02,1.29000000000000e-01
5.10000000000000e-01,4.00000000000000e-01,1.25000000000000e-01,5.57500000000000e-01,2.61500000000000e-01,1.19500000000000e-01,1.52500000000000e-01
5.45000000000000e-01,4.05000000000000e-01,1.30000000000000e-01,6.58000000000000e-01,3.27000000000000e-01,1.44500000000000e-01,1.74000000000000e-01
6.75000000000000e-01,5.10000000000000e-01,1.95000000000000e-01,1.38200000000000e+00,6.04500000000000e-01,3.17500000000000e-01,3.96500000000000e-01
6.30000000000000e-01,4.90000000000000e-01,1.70000000000000e-01,1.17450000000000e+00,5.25500000000000e-01,2.73000000000000e-01,3.39000000000000e-01
6.40000000000000e-01,5.25000000000000e-01,2.00000000000000e-01,1.37650000000000e+00,4.40000000000000e-01,3.07500000000000e-01,4.70000000000000e-01
5.65000000000000e-01,4.35000000000000e-01,1.85000000000000e-01,1.03200000000000e+00,3.54000000000000e-01,2.04500000000000e-01,3.10000000000000e-01
6.40000000000000e-01,5.00000000000000e-01,1.70000000000000e-01,1.12000000000000e+00,4.95500000000000e-01,2.64500000000000e-01,3.20000000000000e-01
6.85000000000000e-01,5.50000000000000e-01,2.00000000000000e-01,1.77250000000000e+00,8.13000000000000e-01,3.87000000000000e-01,4.90000000000000e-01
3.50000000000000e-01,2.60000000000000e-01,9.00000000000000e-02,1.95000000000000e-01,7.45000000000000e-02,4.10000000000000e-02,6.55000000000000e-02
3.35000000000000e-01,2.60000000000000e-01,8.50000000000000e-02,1.92000000000000e-01,9.70000000000000e-02,3.00000000000000e-02,5.40000000000000e-02
6.40000000000000e-01,5.05000000000000e-01,1.90000000000000e-01,1.23550000000000e+00,4.43500000000000e-01,3.10500000000000e-01,3.65000000000000e-01
5.55000000000000e-01,4.40000000000000e-01,1.45000000000000e-01,8.81500000000000e-01,4.30000000000000e-01,1.97500000000000e-01,2.15500000000000e-01
4.15000000000000e-01,3.25000000000000e-01,1.15000000000000e-01,3.45500000000000e-01,1.40500000000000e-01,7.65000000000000e-02,1.10000000000000e-01
3.80000000000000e-01,2.80000000000000e-01,8.50000000000000e-02,2.73500000000000e-01,1.15000000000000e-01,6.10000000000000e-02,8.50000000000000e-02
4.10000000000000e-01,3.10000000000000e-01,1.25000000000000e-01,3.59500000000000e-01,1.41500000000000e-01,8.85000000000000e-02,1.15000000000000e-01
5.05000000000000e-01,4.25000000000000e-01,1.25000000000000e-01,6.11500000000000e-01,2.45000000000000e-01,1.37500000000000e-01,2.00000000000000e-01
5.70000000000000e-01,4.35000000000000e-01,1.45000000000000e-01,9.05500000000000e-01,3.92500000000000e-01,2.35500000000000e-01,2.75000000000000e-01
5.95000000000000e-01,4.30000000000000e-01,2.10000000000000e-01,1.52450000000000e+00,6.53000000000000e-01,3.96000000000000e-01,4.10000000000000e-01
6.30000000000000e-01,4.90000000000000e-01,1.65000000000000e-01,1.20050000000000e+00,5.75000000000000e-01,2.73000000000000e-01,2.94000000000000e-01
5.80000000000000e-01,4.50000000000000e-01,1.40000000000000e-01,8.24000000000000e-01,3.46500000000000e-01,1.76500000000000e-01,2.63000000000000e-01
5.30000000000000e-01,4.15000000000000e-01,1.30000000000000e-01,8.42500000000000e-01,2.75000000000000e-01,1.94500000000000e-01,2.65000000000000e-01
5.70000000000000e-01,4.55000000000000e-01,1.65000000000000e-01,1.05950000000000e+00,4.40000000000000e-01,2.19500000000000e-01,2.85000000000000e-01
4.45000000000000e-01,3.55000000000000e-01,1.10000000000000e-01,4.41500000000000e-01,1.80500000000000e-01,1.03500000000000e-01,1.50500000000000e-01
6.30000000000000e-01,5.10000000000000e-01,1.90000000000000e-01,1.49850000000000e+00,4.12500000000000e-01,3.07500000000000e-01,5.45000000000000e-01
7.00000000000000e-01,5.40000000000000e-01,2.05000000000000e-01,1.74000000000000e+00,7.88500000000000e-01,3.73000000000000e-01,4.86500000000000e-01
3.80000000000000e-01,2.75000000000000e-01,9.50000000000000e-02,2.42500000000000e-01,1.06000000000000e-01,4.85000000000000e-02,2.10000000000000e-01
4.60000000000000e-01,3.50000000000000e-01,1.10000000000000e-01,3.94500000000000e-01,1.68500000000000e-01,8.65000000000000e-02,1.25000000000000e-01
6.45000000000000e-01,5.10000000000000e-01,1.60000000000000e-01,1.18350000000000e+00,5.56000000000000e-01,2.38500000000000e-01,3.45000000000000e-01
6.00000000000000e-01,4.65000000000000e-01,1.65000000000000e-01,1.04750000000000e+00,4.65000000000000e-01,2.34500000000000e-01,3.15000000000000e-01
3.85000000000000e-01,2.90000000000000e-01,8.00000000000000e-02,2.48500000000000e-01,1.22000000000000e-01,4.95000000000000e-02,6.50000000000000e-02
2.60000000000000e-01,2.00000000000000e-01,6.50000000000000e-02,9.60000000000000e-02,4.40000000000000e-02,2.70000000000000e-02,3.00000000000000e-02
6.20000000000000e-01,4.80000000000000e-01,1.65000000000000e-01,1.07250000000000e+00,4.81500000000000e-01,2.35000000000000e-01,3.12000000000000e-01
5.00000000000000e-01,3.75000000000000e-01,1.40000000000000e-01,5.59000000000000e-01,2.37500000000000e-01,1.35000000000000e-01,1.69000000000000e-01
4.65000000000000e-01,3.60000000000000e-01,1.10000000000000e-01,4.95500000000000e-01,2.66500000000000e-01,8.50000000000000e-02,1.21000000000000e-01
5.25000000000000e-01,4.00000000000000e-01,1.40000000000000e-01,6.01000000000000e-01,2.62500000000000e-01,1.28500000000000e-01,1.83500000000000e-01
6.10000000000000e-01,4.80000000000000e-01,1.40000000000000e-01,1.03100000000000e+00,4.37500000000000e-01,2.61500000000000e-01,2.70000000000000e-01
3.85000000000000e-01,3.05000000000000e-01,1.05000000000000e-01,3.31500000000000e-01,1.36500000000000e-01,7.45000000000000e-02,1.00000000000000e-01
6.45000000000000e-01,4.80000000000000e-01,1.70000000000000e-01,1.13450000000000e+00,5.28000000000000e-01,2.54000000000000e-01,3.05000000000000e-01
4.00000000000000e-01,3.35000000000000e-01,1.15000000000000e-01,4.33500000000000e-01,2.10500000000000e-01,1.20500000000000e-01,1.20000000000000e-01
5.35000000000000e-01,4.10000000000000e-01,1.35000000000000e-01,8.62000000000000e-01,2.85500000000000e-01,1.52500000000000e-01,3.20000000000000e-01
5.95000000000000e-01,4.65000000000000e-01,1.50000000000000e-01,1.07650000000000e+00,4.91000000000000e-01,2.20000000000000e-01,2.87000000000000e-01
7.60000000000000e-01,6.05000000000000e-01,2.15000000000000e-01,2.17300000000000e+00,8.01000000000000e-01,4.91500000000000e-01,6.46000000000000e-01
6.55000000000000e-01,5.30000000000000e-01,1.65000000000000e-01,1.28350000000000e+00,5.83000000000000e-01,1.25500000000000e-01,4.00000000000000e-01
6.50000000000000e-01,5.00000000000000e-01,1.40000000000000e-01,1.23800000000000e+00,6.16500000000000e-01,2.35500000000000e-01,3.20000000000000e-01
4.65000000000000e-01,3.50000000000000e-01,1.35000000000000e-01,6.26500000000000e-01,2.59000000000000e-01,1.44500000000000e-01,1.75000000000000e-01
4.70000000000000e-01,3.70000000000000e-01,1.30000000000000e-01,5.22500000000000e-01,2.01000000000000e-01,1.33000000000000e-01,1.65000000000000e-01
5.75000000000000e-01,4.35000000000000e-01,1.30000000000000e-01,1.01050000000000e+00,3.68000000000000e-01,2.22000000000000e-01,3.20000000000000e-01
5.85000000000000e-01,4.60000000000000e-01,1.50000000000000e-01,1.00350000000000e+00,5.03000000000000e-01,2.10500000000000e-01,2.51500000000000e-01
5.45000000000000e-01,4.30000000000000e-01,1.40000000000000e-01,7.72000000000000e-01,2.89000000000000e-01,1.90000000000000e-01,2.61500000000000e-01
5.10000000000000e-01,4.55000000000000e-01,1.35000000000000e-01,6.85500000000000e-01,2.87500000000000e-01,1.54000000000000e-01,2.03500000000000e-01
4.75000000000000e-01,3.55000000000000e-01,1.20000000000000e-01,4.80000000000000e-01,2.34000000000000e-01,1.01500000000000e-01,1.35000000000000e-01
3.50000000000000e-01,2.65000000000000e-01,9.00000000000000e-02,1.97000000000000e-01,7.30000000000000e-02,3.65000000000000e-02,7.70000000000000e-02
5.15000000000000e-01,4.25000000000000e-01,1.40000000000000e-01,7.66000000000000e-01,3.04000000000000e-01,1.72500000000000e-01,2.55000000000000e-01
4.10000000000000e-01,3.05000000000000e-01,1.00000000000000e-01,3.63000000000000e-01,1.73500000000000e-01,6.50000000000000e-02,1.10000000000000e-01
7.35000000000000e-01,5.70000000000000e-01,2.10000000000000e-01,2.23550000000000e+00,1.17050000000000e+00,4.63000000000000e-01,5.31500000000000e-01
6.00000000000000e-01,5.00000000000000e-01,1.55000000000000e-01,1.33200000000000e+00,6.23500000000000e-01,2.83500000000000e-01,3.50000000000000e-01
4.70000000000000e-01,3.45000000000000e-01,1.40000000000000e-01,4.61500000000000e-01,2.29000000000000e-01,1.10500000000000e-01,1.16000000000000e-01
3.55000000000000e-01,2.90000000000000e-01,9.00000000000000e-02,3.27500000000000e-01,1.34000000000000e-01,8.60000000000000e-02,9.00000000000000e-02
5.20000000000000e-01,3.85000000000000e-01,1.65000000000000e-01,7.91000000000000e-01,3.75000000000000e-01,1.80000000000000e-01,1.81500000000000e-01
5.25000000000000e-01,4.05000000000000e-01,1.15000000000000e-01,7.20000000000000e-01,3.10500000000000e-01,1.91500000000000e-01,2.00000000000000e-01
2.55000000000000e-01,1.90000000000000e-01,5.00000000000000e-02,8.30000000000000e-02,2.95000000000000e-02,2.15000000000000e-02,2.70000000000000e-02
6.25000000000000e-01,4.80000000000000e-01,1.60000000000000e-01,1.24150000000000e+00,6.57500000000000e-01,2.62500000000000e-01,2.78500000000000e-01
5.95000000000000e-01,4.70000000000000e-01,1.75000000000000e-01,9.91000000000000e-01,3.82000000000000e-01,2.39500000000000e-01,5.00000000000000e-01
4.10000000000000e-01,3.25000000000000e-01,1.20000000000000e-01,3.74500000000000e-01,1.58000000000000e-01,8.10000000000000e-02,1.25000000000000e-01
6.55000000000000e-01,5.40000000000000e-01,2.15000000000000e-01,1.55550000000000e+00,6.95000000000000e-01,2.96000000000000e-01,4.44000000000000e-01
5.50000000000000e-01,4.15000000000000e-01,1.45000000000000e-01,7.81500000000000e-01,3.73000000000000e-01,1.60000000000000e-01,2.21500000000000e-01
6.00000000000000e-01,4.60000000000000e-01,1.70000000000000e-01,1.18050000000000e+00,4.56000000000000e-01,3.37000000000000e-01,3.29000000000000e-01
5.15000000000000e-01,4.20000000000000e-01,1.35000000000000e-01,6.29500000000000e-01,2.81500000000000e-01,1.27000000000000e-01,2.15000000000000e-01
6.30000000000000e-01,4.80000000000000e-01,1.65000000000000e-01,1.26150000000000e+00,5.50500000000000e-01,2.77000000000000e-01,3.88500000000000e-01
6.70000000000000e-01,5.25000000000000e-01,1.95000000000000e-01,1.42000000000000e+00,5.73000000000000e-01,3.68000000000000e-01,3.90500000000000e-01
5.50000000000000e-01,4.50000000000000e-01,1.50000000000000e-01,8.75000000000000e-01,3.62000000000000e-01,1.75500000000000e-01,2.76500000000000e-01
3.70000000000000e-01,2.90000000000000e-01,1.00000000000000e-01,2.50000000000000e-01,1.02500000000000e-01,5.05000000000000e-02,8.50000000000000e-02
5.70000000000000e-01,4.35000000000000e-01,1.40000000000000e-01,8.08500000000000e-01,3.23500000000000e-01,1.83000000000000e-01,2.20000000000000e-01
5.15000000000000e-01,3.85000000000000e-01,1.10000000000000e-01,5.78500000000000e-01,2.53000000000000e-01,1.60000000000000e-01,1.40000000000000e-01
4.25000000000000e-01,3.40000000000000e-01,1.00000000000000e-01,3.82000000000000e-01,1.64000000000000e-01,9.60000000000000e-02,1.00000000000000e-01
3.10000000000000e-01,2.25000000000000e-01,7.00000000000000e-02,1.05500000000000e-01,4.35000000000000e-01,1.50000000000000e-02,4.00000000000000e-02
4.50000000000000e-01,3.40000000000000e-01,1.05000000000000e-01,4.38500000000000e-01,2.10000000000000e-01,9.25000000000000e-02,1.20000000000000e-01
6.35000000000000e-01,5.20000000000000e-01,1.65000000000000e-01,1.34050000000000e+00,5.06500000000000e-01,2.96000000000000e-01,4.12000000000000e-01
6.50000000000000e-01,5.65000000000000e-01,2.00000000000000e-01,1.66450000000000e+00,7.53000000000000e-01,3.67000000000000e-01,4.30000000000000e-01
4.75000000000000e-01,3.60000000000000e-01,1.45000000000000e-01,6.32500000000000e-01,2.82500000000000e-01,1.37000000000000e-01,1.90000000000000e-01
2.40000000000000e-01,1.75000000000000e-01,5.50000000000000e-02,7.05000000000000e-02,2.50000000000000e-02,1.40000000000000e-02,2.10000000000000e-02
4.85000000000000e-01,3.75000000000000e-01,1.30000000000000e-01,6.02500000000000e-01,2.93500000000000e-01,1.28500000000000e-01,1.60000000000000e-01
6.30000000000000e-01,4.80000000000000e-01,1.85000000000000e-01,1.21000000000000e+00,5.30000000000000e-01,2.55500000000000e-01,3.22000000000000e-01
5.90000000000000e-01,5.00000000000000e-01,1.50000000000000e-01,1.14200000000000e+00,4.85000000000000e-01,2.65000000000000e-01,3.45000000000000e-01
4.55000000000000e-01,3.65000000000000e-01,1.10000000000000e-01,3.85000000000000e-01,1.66000000000000e-01,4.60000000000000e-02,1.34500000000000e-01
6.45000000000000e-01,5.20000000000000e-01,1.75000000000000e-01,1.63600000000000e+00,7.79000000000000e-01,3.42000000000000e-01,4.32000000000000e-01
5.35000000000000e-01,4.20000000000000e-01,1.45000000000000e-01,6.88500000000000e-01,2.73000000000000e-01,1.51500000000000e-01,2.37000000000000e-01
3.35000000000000e-01,2.50000000000000e-01,9.50000000000000e-02,1.85000000000000e-01,7.95000000000000e-02,4.95000000000000e-02,5.50000000000000e-02
6.15000000000000e-01,4.75000000000000e-01,1.70000000000000e-01,1.18250000000000e+00,4.74000000000000e-01,2.89500000000000e-01,2.40000000000000e-01
4.05000000000000e-01,3.00000000000000e-01,1.10000000000000e-01,3.20000000000000e-01,1.72000000000000e-01,4.40000000000000e-02,9.30000000000000e-02
4.40000000000000e-01,3.45000000000000e-01,1.20000000000000e-01,3.65000000000000e-01,1.65500000000000e-01,8.30000000000000e-02,1.10000000000000e-01
6.05000000000000e-01,4.90000000000000e-01,1.50000000000000e-01,1.13450000000000e+00,5.26500000000000e-01,2.64500000000000e-01,2.95000000000000e-01
6.50000000000000e-01,5.15000000000000e-01,1.80000000000000e-01,1.46300000000000e+00,6.58000000000000e-01,3.13500000000000e-01,4.11500000000000e-01
5.50000000000000e-01,4.05000000000000e-01,1.50000000000000e-01,9.23500000000000e-01,4.12000000000000e-01,2.13500000000000e-01,2.40000000000000e-01
1.60000000000000e-01,1.20000000000000e-01,2.00000000000000e-02,1.80000000000000e-02,7.50000000000000e-03,4.50000000000000e-03,5.00000000000000e-03
4.75000000000000e-01,3.65000000000000e-01,1.40000000000000e-01,6.17500000000000e-01,2.02000000000000e-01,1.44500000000000e-01,1.90000000000000e-01
5.10000000000000e-01,3.80000000000000e-01,1.30000000000000e-01,5.84000000000000e-01,2.24000000000000e-01,1.35500000000000e-01,1.85000000000000e-01
6.80000000000000e-01,5.00000000000000e-01,1.85000000000000e-01,1.74100000000000e+00,7.66500000000000e-01,3.25500000000000e-01,4.68500000000000e-01
4.65000000000000e-01,4.05000000000000e-01,1.35000000000000e-01,7.77500000000000e-01,4.36000000000000e-01,1.71500000000000e-01,1.45500000000000e-01
6.35000000000000e-01,5.10000000000000e-01,1.85000000000000e-01,1.28600000000000e+00,5.26000000000000e-01,2.95000000000000e-01,4.10500000000000e-01
3.55000000000000e-01,2.70000000000000e-01,7.50000000000000e-02,1.77500000000000e-01,7.90000000000000e-02,3.15000000000000e-02,5.40000000000000e-02
6.70000000000000e-01,5.10000000000000e-01,1.75000000000000e-01,1.52650000000000e+00,6.51000000000000e-01,4.47500000000000e-01,3.45000000000000e-01
4.20000000000000e-01,3.05000000000000e-01,1.10000000000000e-01,2.80000000000000e-01,9.40000000000000e-02,7.85000000000000e-02,9.55000000000000e-02
5.55000000000000e-01,4.55000000000000e-01,1.60000000000000e-01,1.05750000000000e+00,3.92500000000000e-01,2.28000000000000e-01,2.93000000000000e-01
3.20000000000000e-01,2.35000000000000e-01,8.00000000000000e-02,1.48500000000000e-01,6.40000000000000e-02,3.10000000000000e-02,4.50000000000000e-02
3.65000000000000e-01,2.75000000000000e-01,9.00000000000000e-02,2.34500000000000e-01,1.08000000000000e-01,5.10000000000000e-02,6.25000000000000e-02
7.05000000000000e-01,5.60000000000000e-01,1.70000000000000e-01,1.45750000000000e+00,6.07000000000000e-01,3.18000000000000e-01,4.40000000000000e-01
4.65000000000000e-01,3.55000000000000e-01,9.00000000000000e-02,4.32500000000000e-01,2.00500000000000e-01,7.40000000000000e-02,1.27500000000000e-01
6.40000000000000e-01,5.05000000000000e-01,1.65000000000000e-01,1.44350000000000e+00,6.14500000000000e-01,3.03500000000000e-01,3.90000000000000e-01
5.10000000000000e-01,3.90000000000000e-01,1.35000000000000e-01,6.33500000000000e-01,2.31000000000000e-01,1.79000000000000e-01,2.00000000000000e-01
5.05000000000000e-01,3.85000000000000e-01,1.45000000000000e-01,6.77500000000000e-01,2.36000000000000e-01,1.79000000000000e-01,2.00000000000000e-01
5.95000000000000e-01,4.40000000000000e-01,1.35000000000000e-01,9.64000000000000e-01,5.00500000000000e-01,1.71500000000000e-01,2.57500000000000e-01
6.25000000000000e-01,5.00000000000000e-01,1.30000000000000e-01,1.08200000000000e+00,5.78500000000000e-01,2.04500000000000e-01,2.50000000000000e-01
2.05000000000000e-01,1.55000000000000e-01,4.50000000000000e-02,4.95000000000000e-02,2.35000000000000e-02,1.10000000000000e-02,1.40000000000000e-02
4.70000000000000e-01,3.55000000000000e-01,1.45000000000000e-01,4.48500000000000e-01,1.56000000000000e-01,1.02000000000000e-01,1.23000000000000e-01
5.65000000000000e-01,4.90000000000000e-01,1.55000000000000e-01,9.24500000000000e-01,4.05000000000000e-01,2.19500000000000e-01,2.55000000000000e-01
5.15000000000000e-01,4.05000000000000e-01,1.40000000000000e-01,8.50500000000000e-01,3.12000000000000e-01,1.46000000000000e-01,3.15000000000000e-01
2.70000000000000e-01,2.05000000000000e-01,7.50000000000000e-02,1.18000000000000e-01,5.90000000000000e-02,3.10000000000000e-02,3.05000000000000e-02
6.60000000000000e-01,5.35000000000000e-01,2.00000000000000e-01,1.79100000000000e+00,7.33000000000000e-01,3.18000000000000e-01,5.40000000000000e-01
4.70000000000000e-01,3.75000000000000e-01,1.05000000000000e-01,4.68000000000000e-01,1.66500000000000e-01,1.08000000000000e-01,1.70000000000000e-01
6.55000000000000e-01,5.25000000000000e-01,1.80000000000000e-01,1.40200000000000e+00,6.24000000000000e-01,2.93500000000000e-01,3.65000000000000e-01
5.15000000000000e-01,4.15000000000000e-01,1.30000000000000e-01,7.64000000000000e-01,2.76000000000000e-01,1.96000000000000e-01,2.50000000000000e-01
4.15000000000000e-01,3.25000000000000e-01,1.05000000000000e-01,3.80000000000000e-01,1.59500000000000e-01,7.85000000000000e-02,1.20000000000000e-01
4.45000000000000e-01,3.30000000000000e-01,1.00000000000000e-01,4.37000000000000e-01,1.63000000000000e-01,7.55000000000000e-02,1.70000000000000e-01
6.80000000000000e-01,5.15000000000000e-01,1.60000000000000e-01,1.23450000000000e+00,6.18000000000000e-01,2.62500000000000e-01,3.25000000000000e-01
6.85000000000000e-01,5.20000000000000e-01,1.50000000000000e-01,1.37350000000000e+00,7.18500000000000e-01,2.93000000000000e-01,3.20000000000000e-01
5.45000000000000e-01,4.10000000000000e-01,1.20000000000000e-01,7.93000000000000e-01,4.34000000000000e-01,1.40500000000000e-01,1.90000000000000e-01
5.05000000000000e-01,3.80000000000000e-01,1.30000000000000e-01,6.56000000000000e-01,2.27000000000000e-01,1.78500000000000e-01,2.20000000000000e-01
3.35000000000000e-01,2.60000000000000e-01,7.50000000000000e-02,2.20000000000000e-01,8.55000000000000e-02,4.00000000000000e-02,8.50000000000000e-02
5.70000000000000e-01,4.45000000000000e-01,1.50000000000000e-01,9.95000000000000e-01,5.04000000000000e-01,1.85000000000000e-01,2.50500000000000e-01
5.70000000000000e-01,4.45000000000000e-01,1.45000000000000e-01,8.77500000000000e-01,4.12000000000000e-01,2.17000000000000e-01,2.20000000000000e-01
5.80000000000000e-01,4.60000000000000e-01,1.85000000000000e-01,1.01700000000000e+00,3.51500000000000e-01,2.00000000000000e-01,3.20000000000000e-01
7.25000000000000e-01,5.30000000000000e-01,1.90000000000000e-01,1.73150000000000e+00,8.30000000000000e-01,3.98000000000000e-01,4.05000000000000e-01
6.95000000000000e-01,5.30000000000000e-01,1.90000000000000e-01,1.72600000000000e+00,7.62500000000000e-01,4.36000000000000e-01,4.55000000000000e-01
6.00000000000000e-01,4.75000000000000e-01,2.05000000000000e-01,1.17600000000000e+00,5.25500000000000e-01,2.87500000000000e-01,3.08000000000000e-01
6.35000000000000e-01,5.25000000000000e-01,2.05000000000000e-01,1.48400000000000e+00,5.50000000000000e-01,3.11500000000000e-01,4.30000000000000e-01
6.00000000000000e-01,4.75000000000000e-01,1.70000000000000e-01,1.08800000000000e+00,4.90500000000000e-01,2.47500000000000e-01,3.10000000000000e-01
4.05000000000000e-01,3.10000000000000e-01,6.50000000000000e-02,3.20500000000000e-01,1.57500000000000e-01,6.60000000000000e-02,8.80000000000000e-02
5.75000000000000e-01,4.30000000000000e-01,1.30000000000000e-01,7.42500000000000e-01,2.89500000000000e-01,2.00500000000000e-01,2.20000000000000e-01
5.05000000000000e-01,4.05000000000000e-01,1.30000000000000e-01,6.01500000000000e-01,3.01500000000000e-01,1.10000000000000e-01,1.80000000000000e-01
5.65000000000000e-01,4.30000000000000e-01,1.35000000000000e-01,8.54500000000000e-01,3.21000000000000e-01,1.77500000000000e-01,2.75000000000000e-01
5.25000000000000e-01,4.15000000000000e-01,1.50000000000000e-01,7.05500000000000e-01,3.29000000000000e-01,1.47000000000000e-01,1.99000000000000e-01
3.80000000000000e-01,2.70000000000000e-01,9.50000000000000e-02,2.19000000000000e-01,8.35000000000000e-02,5.15000000000000e-02,7.00000000000000e-02
6.05000000000000e-01,4.55000000000000e-01,1.45000000000000e-01,9.77500000000000e-01,4.68000000000000e-01,1.77500000000000e-01,2.75000000000000e-01
5.45000000000000e-01,4.20000000000000e-01,1.65000000000000e-01,8.93500000000000e-01,4.23500000000000e-01,2.19500000000000e-01,2.28000000000000e-01
7.25000000000000e-01,5.60000000000000e-01,2.10000000000000e-01,2.14100000000000e+00,6.50000000000000e-01,3.98000000000000e-01,1.00500000000000e+00
6.20000000000000e-01,5.05000000000000e-01,1.85000000000000e-01,1.52750000000000e+00,6.90000000000000e-01,3.68000000000000e-01,3.50000000000000e-01
6.90000000000000e-01,5.30000000000000e-01,1.90000000000000e-01,1.59550000000000e+00,6.78000000000000e-01,3.31000000000000e-01,4.80000000000000e-01
5.75000000000000e-01,4.35000000000000e-01,1.50000000000000e-01,8.05000000000000e-01,2.93000000000000e-01,1.62500000000000e-01,2.70000000000000e-01
5.70000000000000e-01,4.35000000000000e-01,1.25000000000000e-01,8.96500000000000e-01,3.83000000000000e-01,1.83500000000000e-01,2.75000000000000e-01
6.40000000000000e-01,4.85000000000000e-01,1.45000000000000e-01,1.13350000000000e+00,5.52500000000000e-01,2.50500000000000e-01,3.01500000000000e-01
1.35000000000000e-01,1.30000000000000e-01,4.00000000000000e-02,2.90000000000000e-02,1.25000000000000e-02,6.50000000000000e-03,8.00000000000000e-03
4.05000000000000e-01,3.00000000000000e-01,8.50000000000000e-02,3.03500000000000e-01,1.50000000000000e-01,5.05000000000000e-02,8.80000000000000e-02
6.20000000000000e-01,4.80000000000000e-01,1.50000000000000e-01,1.10150000000000e+00,4.96500000000000e-01,2.43000000000000e-01,3.05000000000000e-01
6.65000000000000e-01,5.35000000000000e-01,2.25000000000000e-01,2.18350000000000e+00,7.53500000000000e-01,3.91000000000000e-01,8.85000000000000e-01
2.50000000000000e-01,1.90000000000000e-01,6.00000000000000e-02,7.65000000000000e-02,3.60000000000000e-02,1.15000000000000e-02,2.45000000000000e-02
2.95000000000000e-01,2.25000000000000e-01,9.00000000000000e-02,1.38500000000000e-01,4.80000000000000e-02,4.60000000000000e-02,5.00000000000000e-02
4.90000000000000e-01,3.55000000000000e-01,1.60000000000000e-01,8.79500000000000e-01,3.48500000000000e-01,2.15000000000000e-01,2.82500000000000e-01
5.20000000000000e-01,3.95000000000000e-01,1.15000000000000e-01,6.44500000000000e-01,3.15500000000000e-01,1.24500000000000e-01,1.86000000000000e-01
4.80000000000000e-01,3.70000000000000e-01,1.25000000000000e-01,4.74000000000000e-01,1.79000000000000e-01,1.03500000000000e-01,1.75000000000000e-01
5.90000000000000e-01,4.45000000000000e-01,1.35000000000000e-01,7.71500000000000e-01,3.28000000000000e-01,1.74500000000000e-01,2.30000000000000e-01
3.25000000000000e-01,2.50000000000000e-01,8.00000000000000e-02,1.76000000000000e-01,5.95000000000000e-02,3.55000000000000e-02,6.30000000000000e-02
5.40000000000000e-01,4.15000000000000e-01,1.30000000000000e-01,8.24500000000000e-01,2.72000000000000e-01,2.26000000000000e-01,2.40000000000000e-01
6.35000000000000e-01,4.95000000000000e-01,1.75000000000000e-01,1.21100000000000e+00,7.07000000000000e-01,2.72500000000000e-01,3.23000000000000e-01
5.00000000000000e-01,3.80000000000000e-01,1.55000000000000e-01,6.55000000000000e-01,2.40500000000000e-01,1.43000000000000e-01,2.05000000000000e-01
6.30000000000000e-01,4.95000000000000e-01,1.90000000000000e-01,1.16550000000000e+00,5.36000000000000e-01,2.11500000000000e-01,1.62500000000000e-01
6.10000000000000e-01,4.85000000000000e-01,1.65000000000000e-01,1.09150000000000e+00,3.93500000000000e-01,2.43500000000000e-01,3.30000000000000e-01
6.55000000000000e-01,5.10000000000000e-01,1.60000000000000e-01,1.09200000000000e+00,3.96000000000000e-01,2.82500000000000e-01,3.70000000000000e-01
5.65000000000000e-01,4.30000000000000e-01,1.25000000000000e-01,6.54500000000000e-01,2.81500000000000e-01,1.39000000000000e-01,2.10000000000000e-01
3.40000000000000e-01,2.50000000000000e-01,9.00000000000000e-02,1.79000000000000e-01,7.75000000000000e-02,3.30000000000000e-02,5.50000000000000e-02
5.95000000000000e-01,4.75000000000000e-01,1.65000000000000e-01,1.21300000000000e+00,6.21000000000000e-01,2.43500000000000e-01,2.74000000000000e-01
4.00000000000000e-01,3.05000000000000e-01,8.50000000000000e-02,2.97000000000000e-01,1.08000000000000e-01,7.05000000000000e-02,1.00000000000000e-01
5.45000000000000e-01,4.30000000000000e-01,1.65000000000000e-01,8.02000000000000e-01,2.93500000000000e-01,1.83000000000000e-01,2.80000000000000e-01
4.25000000000000e-01,3.25000000000000e-01,1.00000000000000e-01,3.98000000000000e-01,1.18500000000000e-01,6.45000000000000e-02,9.45000000000000e-02
3.55000000000000e-01,2.70000000000000e-01,7.50000000000000e-02,2.04000000000000e-01,3.04500000000000e-01,4.60000000000000e-02,5.95000000000000e-02
5.70000000000000e-01,4.30000000000000e-01,1.20000000000000e-01,1.06150000000000e+00,3.48000000000000e-01,1.67000000000000e-01,3.10000000000000e-01
5.80000000000000e-01,4.40000000000000e-01,1.60000000000000e-01,8.29500000000000e-01,3.36500000000000e-01,2.00500000000000e-01,2.48500000000000e-01
6.00000000000000e-01,4.80000000000000e-01,1.70000000000000e-01,1.05600000000000e+00,4.57500000000000e-01,2.43500000000000e-01,3.13500000000000e-01
5.15000000000000e-01,3.95000000000000e-01,1.40000000000000e-01,6.86000000000000e-01,2.81000000000000e-01,1.25500000000000e-01,2.20000000000000e-01
6.30000000000000e-01,4.80000000000000e-01,1.50000000000000e-01,1.17850000000000e+00,5.18500000000000e-01,2.48000000000000e-01,3.23500000000000e-01
2.15000000000000e-01,1.70000000000000e-01,5.50000000000000e-02,6.05000000000000e-02,2.05000000000000e-02,1.40000000000000e-02,2.00000000000000e-02
6.25000000000000e-01,4.85000000000000e-01,1.60000000000000e-01,1.15000000000000e+00,5.25500000000000e-01,2.57000000000000e-01,3.31500000000000e-01
4.65000000000000e-01,3.60000000000000e-01,8.00000000000000e-02,4.88000000000000e-01,1.91000000000000e-01,1.25000000000000e-01,1.55000000000000e-01
5.45000000000000e-01,4.35000000000000e-01,1.50000000000000e-01,6.85500000000000e-01,2.90500000000000e-01,1.45000000000000e-01,2.25000000000000e-01
4.30000000000000e-01,3.25000000000000e-01,1.05000000000000e-01,3.09000000000000e-01,1.19000000000000e-01,8.00000000000000e-02,9.80000000000000e-02
4.85000000000000e-01,3.65000000000000e-01,1.20000000000000e-01,5.88500000000000e-01,2.70000000000000e-01,1.31000000000000e-01,1.75000000000000e-01
3.20000000000000e-01,2.40000000000000e-01,8.50000000000000e-02,1.31000000000000e-01,6.15000000000000e-02,2.65000000000000e-02,3.80000000000000e-02
4.50000000000000e-01,3.45000000000000e-01,1.10000000000000e-01,4.70000000000000e-01,2.35500000000000e-01,8.55000000000000e-02,1.13500000000000e-01
5.35000000000000e-01,4.45000000000000e-01,1.25000000000000e-01,8.72500000000000e-01,4.17000000000000e-01,1.99000000000000e-01,2.40000000000000e-01
3.45000000000000e-01,2.50000000000000e-01,9.00000000000000e-02,2.03000000000000e-01,7.80000000000000e-02,5.90000000000000e-02,5.50000000000000e-02
4.25000000000000e-01,3.10000000000000e-01,9.50000000000000e-02,3.07500000000000e-01,1.39000000000000e-01,7.45000000000000e-02,9.30000000000000e-02
5.35000000000000e-01,4.15000000000000e-01,1.85000000000000e-01,8.41500000000000e-01,3.14000000000000e-01,1.58500000000000e-01,3.00000000000000e-01
6.60000000000000e-01,5.00000000000000e-01,1.65000000000000e-01,1.31950000000000e+00,6.67000000000000e-01,2.69000000000000e-01,3.41000000000000e-01
5.50000000000000e-01,4.65000000000000e-01,1.80000000000000e-01,1.21250000000000e+00,3.24500000000000e-01,2.05000000000000e-01,5.25000000000000e-01
5.70000000000000e-01,4.50000000000000e-01,1.60000000000000e-01,8.61500000000000e-01,3.72500000000000e-01,2.17500000000000e-01,2.55000000000000e-01
4.15000000000000e-01,3.15000000000000e-01,9.00000000000000e-02,3.62500000000000e-01,1.75000000000000e-01,8.35000000000000e-02,9.30000000000000e-02
6.60000000000000e-01,5.05000000000000e-01,2.00000000000000e-01,1.63050000000000e+00,4.86500000000000e-01,2.97000000000000e-01,6.10000000000000e-01
4.65000000000000e-01,3.60000000000000e-01,1.05000000000000e-01,4.88000000000000e-01,1.88000000000000e-01,8.45000000000000e-02,1.90000000000000e-01
6.75000000000000e-01,5.05000000000000e-01,1.60000000000000e-01,1.53200000000000e+00,7.40000000000000e-01,3.57000000000000e-01,3.81500000000000e-01
6.50000000000000e-01,5.25000000000000e-01,1.85000000000000e-01,1.62200000000000e+00,6.64500000000000e-01,3.22500000000000e-01,4.77000000000000e-01
4.70000000000000e-01,3.75000000000000e-01,1.25000000000000e-01,5.22500000000000e-01,2.26500000000000e-01,1.04000000000000e-01,1.62000000000000e-01
5.15000000000000e-01,3.85000000000000e-01,1.25000000000000e-01,6.11500000000000e-01,3.17500000000000e-01,1.26500000000000e-01,1.50000000000000e-01
4.45000000000000e-01,3.55000000000000e-01,9.50000000000000e-02,3.61500000000000e-01,1.41500000000000e-01,7.85000000000000e-02,1.20000000000000e-01
6.25000000000000e-01,5.20000000000000e-01,1.80000000000000e-01,1.35400000000000e+00,4.84500000000000e-01,3.51000000000000e-01,3.75000000000000e-01
6.45000000000000e-01,4.90000000000000e-01,1.90000000000000e-01,1.30650000000000e+00,4.79000000000000e-01,3.56500000000000e-01,3.45000000000000e-01
5.65000000000000e-01,4.40000000000000e-01,1.50000000000000e-01,9.83000000000000e-01,4.47500000000000e-01,2.35500000000000e-01,2.48500000000000e-01
3.80000000000000e-01,2.75000000000000e-01,1.10000000000000e-01,2.56000000000000e-01,1.10000000000000e-01,5.35000000000000e-02,7.55000000000000e-02
1.65000000000000e-01,1.15000000000000e-01,1.50000000000000e-02,1.45000000000000e-02,5.50000000000000e-03,3.00000000000000e-03,5.00000000000000e-03
5.15000000000000e-01,3.95000000000000e-01,1.20000000000000e-01,6.46000000000000e-01,2.85000000000000e-01,1.36500000000000e-01,1.72000000000000e-01
5.20000000000000e-01,4.00000000000000e-01,1.30000000000000e-01,5.82500000000000e-01,2.33000000000000e-01,1.36500000000000e-01,1.80000000000000e-01
5.35000000000000e-01,4.20000000000000e-01,1.25000000000000e-01,7.38000000000000e-01,3.55000000000000e-01,1.89500000000000e-01,1.79500000000000e-01
6.25000000000000e-01,5.15000000000000e-01,1.65000000000000e-01,1.21700000000000e+00,6.67000000000000e-01,2.06500000000000e-01,3.11500000000000e-01
6.05000000000000e-01,4.80000000000000e-01,1.55000000000000e-01,9.99500000000000e-01,4.25000000000000e-01,1.98500000000000e-01,3.00000000000000e-01
3.40000000000000e-01,2.50000000000000e-01,7.00000000000000e-02,2.22500000000000e-01,1.04000000000000e-01,4.25000000000000e-02,5.50000000000000e-02
6.90000000000000e-01,5.40000000000000e-01,1.55000000000000e-01,1.45400000000000e+00,6.24000000000000e-01,3.10500000000000e-01,3.90000000000000e-01
4.05000000000000e-01,3.25000000000000e-01,1.10000000000000e-01,3.57500000000000e-01,1.45000000000000e-01,7.25000000000000e-02,1.10000000000000e-01
5.10000000000000e-01,4.00000000000000e-01,1.25000000000000e-01,5.93500000000000e-01,2.39000000000000e-01,1.30000000000000e-01,2.04000000000000e-01
3.75000000000000e-01,2.75000000000000e-01,9.00000000000000e-02,2.18000000000000e-01,9.30000000000000e-02,4.05000000000000e-02,7.55000000000000e-02
6.35000000000000e-01,5.05000000000000e-01,1.90000000000000e-01,1.33150000000000e+00,5.80500000000000e-01,2.52000000000000e-01,4.35000000000000e-01
4.75000000000000e-01,3.60000000000000e-01,1.10000000000000e-01,4.55500000000000e-01,1.77000000000000e-01,9.65000000000000e-02,1.45000000000000e-01
5.65000000000000e-01,4.50000000000000e-01,1.60000000000000e-01,8.95000000000000e-01,4.15000000000000e-01,1.95000000000000e-01,2.46000000000000e-01
5.80000000000000e-01,4.25000000000000e-01,1.50000000000000e-01,8.44000000000000e-01,3.64500000000000e-01,1.85000000000000e-01,2.70500000000000e-01
2.65000000000000e-01,1.95000000000000e-01,5.50000000000000e-02,8.40000000000000e-02,3.65000000000000e-02,1.75000000000000e-02,2.50000000000000e-02
6.95000000000000e-01,5.60000000000000e-01,1.90000000000000e-01,1.49400000000000e+00,5.88000000000000e-01,3.42500000000000e-01,4.85000000000000e-01
6.05000000000000e-01,4.55000000000000e-01,1.60000000000000e-01,1.10350000000000e+00,4.21000000000000e-01,3.01500000000000e-01,3.25000000000000e-01
4.90000000000000e-01,3.90000000000000e-01,1.35000000000000e-01,5.92000000000000e-01,2.42000000000000e-01,9.60000000000000e-02,1.83500000000000e-01
3.00000000000000e-01,2.30000000000000e-01,8.50000000000000e-02,1.17000000000000e-01,5.00000000000000e-02,1.75000000000000e-02,4.15000000000000e-02
3.40000000000000e-01,2.65000000000000e-01,7.00000000000000e-02,1.85000000000000e-01,6.25000000000000e-02,3.95000000000000e-02,7.00000000000000e-02
3.75000000000000e-01,2.90000000000000e-01,1.15000000000000e-01,2.70500000000000e-01,9.30000000000000e-02,6.60000000000000e-02,8.85000000000000e-02
5.25000000000000e-01,3.65000000000000e-01,1.70000000000000e-01,9.60500000000000e-01,4.38000000000000e-01,2.22500000000000e-01,2.76000000000000e-01
5.90000000000000e-01,4.65000000000000e-01,1.70000000000000e-01,1.04250000000000e+00,4.63500000000000e-01,2.40000000000000e-01,2.70000000000000e-01
6.60000000000000e-01,5.15000000000000e-01,2.00000000000000e-01,1.64650000000000e+00,7.49000000000000e-01,4.22000000000000e-01,4.01000000000000e-01
6.75000000000000e-01,5.20000000000000e-01,1.45000000000000e-01,1.36450000000000e+00,5.57000000000000e-01,3.40500000000000e-01,3.85000000000000e-01
2.85000000000000e-01,2.10000000000000e-01,7.50000000000000e-02,1.18500000000000e-01,5.50000000000000e-02,2.85000000000000e-02,4.00000000000000e-02
5.15000000000000e-01,3.75000000000000e-01,1.10000000000000e-01,6.06500000000000e-01,3.00500000000000e-01,1.31000000000000e-01,1.50000000000000e-01
3.85000000000000e-01,3.00000000000000e-01,9.50000000000000e-02,3.02000000000000e-01,1.52000000000000e-01,6.15000000000000e-02,7.35000000000000e-02
4.80000000000000e-01,3.50000000000000e-01,1.00000000000000e-01,5.19000000000000e-01,2.36500000000000e-01,1.27500000000000e-01,1.26000000000000e-01
5.05000000000000e-01,3.90000000000000e-01,1.20000000000000e-01,5.72500000000000e-01,2.55500000000000e-01,1.32500000000000e-01,1.46000000000000e-01
5.75000000000000e-01,4.65000000000000e-01,1.95000000000000e-01,9.96500000000000e-01,4.17000000000000e-01,2.47000000000000e-01,4.70000000000000e-01
4.40000000000000e-01,3.25000000000000e-01,1.10000000000000e-01,4.96500000000000e-01,2.58000000000000e-01,1.19500000000000e-01,1.07500000000000e-01
5.65000000000000e-01,4.00000000000000e-01,1.30000000000000e-01,6.97500000000000e-01,3.07500000000000e-01,1.66500000000000e-01,1.80000000000000e-01
5.25000000000000e-01,4.00000000000000e-01,1.25000000000000e-01,5.65500000000000e-01,2.43500000000000e-01,1.19000000000000e-01,1.75000000000000e-01
6.90000000000000e-01,5.25000000000000e-01,1.75000000000000e-01,1.70050000000000e+00,8.25500000000000e-01,3.62000000000000e-01,4.05000000000000e-01
4.50000000000000e-01,3.60000000000000e-01,1.10000000000000e-01,4.47000000000000e-01,2.03000000000000e-01,8.20000000000000e-02,1.30000000000000e-01
6.40000000000000e-01,4.95000000000000e-01,1.70000000000000e-01,1.22650000000000e+00,4.90000000000000e-01,3.77000000000000e-01,2.87500000000000e-01
6.10000000000000e-01,4.50000000000000e-01,1.50000000000000e-01,8.71000000000000e-01,4.07000000000000e-01,1.83500000000000e-01,2.50000000000000e-01
4.55000000000000e-01,3.50000000000000e-01,1.05000000000000e-01,4.16000000000000e-01,1.62500000000000e-01,9.70000000000000e-02,1.45000000000000e-01
4.70000000000000e-01,3.60000000000000e-01,1.35000000000000e-01,5.01000000000000e-01,1.66500000000000e-01,1.15000000000000e-01,1.65000000000000e-01
3.65000000000000e-01,2.85000000000000e-01,8.50000000000000e-02,2.20500000000000e-01,8.55000000000000e-02,5.15000000000000e-02,7.00000000000000e-02
5.55000000000000e-01,4.30000000000000e-01,1.35000000000000e-01,8.12000000000000e-01,4.05500000000000e-01,1.63000000000000e-01,2.21500000000000e-01
6.00000000000000e-01,5.05000000000000e-01,1.90000000000000e-01,1.12900000000000e+00,4.38500000000000e-01,2.56000000000000e-01,3.60000000000000e-01
3.60000000000000e-01,2.65000000000000e-01,8.50000000000000e-02,1.89500000000000e-01,7.25000000000000e-02,5.15000000000000e-02,5.50000000000000e-02
6.80000000000000e-01,5.60000000000000e-01,1.95000000000000e-01,1.66400000000000e+00,5.80000000000000e-01,3.85500000000000e-01,5.45000000000000e-01
3.25000000000000e-01,2.45000000000000e-01,7.50000000000000e-02,1.49500000000000e-01,6.05000000000000e-02,3.30000000000000e-02,4.50000000000000e-02
3.75000000000000e-01,2.75000000000000e-01,8.50000000000000e-02,2.20000000000000e-01,1.09000000000000e-01,5.00000000000000e-02,6.05000000000000e-02
3.35000000000000e-01,2.65000000000000e-01,1.05000000000000e-01,2.22000000000000e-01,9.35000000000000e-02,5.60000000000000e-02,7.50000000000000e-02
7.00000000000000e-01,5.55000000000000e-01,2.00000000000000e-01,1.85800000000000e+00,7.30000000000000e-01,3.66500000000000e-01,5.95000000000000e-01
4.00000000000000e-01,3.20000000000000e-01,9.50000000000000e-02,3.03000000000000e-01,1.33500000000000e-01,6.00000000000000e-02,1.00000000000000e-01
5.85000000000000e-01,4.35000000000000e-01,1.75000000000000e-01,9.82000000000000e-01,4.05500000000000e-01,2.49500000000000e-01,2.70000000000000e-01
5.45000000000000e-01,3.90000000000000e-01,1.35000000000000e-01,7.83500000000000e-01,4.22500000000000e-01,1.81500000000000e-01,1.56000000000000e-01
5.50000000000000e-01,4.25000000000000e-01,1.55000000000000e-01,8.72500000000000e-01,4.12000000000000e-01,1.87000000000000e-01,2.42500000000000e-01
5.30000000000000e-01,4.10000000000000e-01,1.25000000000000e-01,7.69000000000000e-01,3.46000000000000e-01,1.73000000000000e-01,2.15000000000000e-01
2.15000000000000e-01,1.50000000000000e-01,3.00000000000000e-02,3.85000000000000e-02,1.15000000000000e-02,5.00000000000000e-03,1.00000000000000e-02
5.15000000000000e-01,3.90000000000000e-01,1.40000000000000e-01,6.78000000000000e-01,3.41000000000000e-01,1.32500000000000e-01,1.19000000000000e-01
2.35000000000000e-01,1.75000000000000e-01,6.50000000000000e-02,6.15000000000000e-02,2.05000000000000e-02,2.00000000000000e-02,1.90000000000000e-02
5.15000000000000e-01,3.90000000000000e-01,1.30000000000000e-01,5.75500000000000e-01,1.97500000000000e-01,1.30000000000000e-01,1.84500000000000e-01
6.20000000000000e-01,4.80000000000000e-01,1.75000000000000e-01,1.04050000000000e+00,4.64000000000000e-01,2.22500000000000e-01,3.00000000000000e-01
5.10000000000000e-01,3.85000000000000e-01,1.35000000000000e-01,6.32000000000000e-01,2.82000000000000e-01,1.45000000000000e-01,1.70000000000000e-01
5.75000000000000e-01,4.55000000000000e-01,1.85000000000000e-01,1.15600000000000e+00,5.52500000000000e-01,2.43000000000000e-01,2.95000000000000e-01
6.55000000000000e-01,5.20000000000000e-01,1.90000000000000e-01,1.45450000000000e+00,6.00000000000000e-01,3.86500000000000e-01,3.83000000000000e-01
2.45000000000000e-01,1.80000000000000e-01,6.50000000000000e-02,7.10000000000000e-02,3.00000000000000e-02,1.30000000000000e-02,2.15000000000000e-02
5.45000000000000e-01,4.35000000000000e-01,1.45000000000000e-01,9.38500000000000e-01,3.68500000000000e-01,1.24500000000000e-01,3.45000000000000e-01
5.55000000000000e-01,4.20000000000000e-01,1.40000000000000e-01,8.68000000000000e-01,3.30000000000000e-01,2.43000000000000e-01,2.10000000000000e-01
7.25000000000000e-01,5.75000000000000e-01,1.75000000000000e-01,2.12400000000000e+00,7.65000000000000e-01,4.51500000000000e-01,8.50000000000000e-01
4.85000000000000e-01,3.70000000000000e-01,1.15000000000000e-01,4.57000000000000e-01,1.88500000000000e-01,9.65000000000000e-02,1.50000000000000e-01
3.90000000000000e-01,2.85000000000000e-01,1.00000000000000e-01,2.81000000000000e-01,1.27500000000000e-01,6.20000000000000e-02,7.70000000000000e-02
4.60000000000000e-01,3.40000000000000e-01,1.00000000000000e-01,3.86000000000000e-01,1.80500000000000e-01,8.75000000000000e-02,9.65000000000000e-02
3.50000000000000e-01,2.65000000000000e-01,9.00000000000000e-02,1.77500000000000e-01,5.75000000000000e-02,4.20000000000000e-02,6.80000000000000e-02
4.75000000000000e-01,4.00000000000000e-01,1.15000000000000e-01,5.41000000000000e-01,1.86000000000000e-01,1.02500000000000e-01,2.10000000000000e-01
3.00000000000000e-01,2.30000000000000e-01,9.50000000000000e-02,1.38500000000000e-01,5.60000000000000e-02,3.65000000000000e-02,3.70000000000000e-02
3.60000000000000e-01,2.75000000000000e-01,7.50000000000000e-02,2.20500000000000e-01,9.85000000000000e-02,4.40000000000000e-02,6.60000000000000e-02
7.20000000000000e-01,5.75000000000000e-01,2.30000000000000e-01,2.26950000000000e+00,8.83500000000000e-01,3.98500000000000e-01,6.65000000000000e-01
5.65000000000000e-01,5.05000000000000e-01,2.10000000000000e-01,1.27650000000000e+00,5.01000000000000e-01,2.79000000000000e-01,3.55000000000000e-01
6.45000000000000e-01,5.00000000000000e-01,1.75000000000000e-01,1.33850000000000e+00,6.33000000000000e-01,2.99000000000000e-01,3.49000000000000e-01
3.40000000000000e-01,2.60000000000000e-01,9.00000000000000e-02,1.79000000000000e-01,7.60000000000000e-02,5.25000000000000e-02,5.50000000000000e-02
2.50000000000000e-01,1.90000000000000e-01,6.50000000000000e-02,8.35000000000000e-02,3.90000000000000e-02,1.50000000000000e-02,2.50000000000000e-02
4.95000000000000e-01,3.95000000000000e-01,1.35000000000000e-01,6.33500000000000e-01,3.03500000000000e-01,1.29500000000000e-01,1.49500000000000e-01
5.30000000000000e-01,4.10000000000000e-01,1.65000000000000e-01,7.32000000000000e-01,1.89000000000000e-01,1.70000000000000e-01,3.10000000000000e-01
4.60000000000000e-01,3.55000000000000e-01,1.40000000000000e-01,4.93500000000000e-01,2.16000000000000e-01,1.33000000000000e-01,1.15000000000000e-01
4.50000000000000e-01,3.40000000000000e-01,9.50000000000000e-02,3.24500000000000e-01,1.38500000000000e-01,6.40000000000000e-02,1.05000000000000e-01
6.35000000000000e-01,4.95000000000000e-01,1.80000000000000e-01,1.59600000000000e+00,6.17000000000000e-01,3.17000000000000e-01,3.70000000000000e-01
5.80000000000000e-01,4.50000000000000e-01,2.35000000000000e-01,1.07100000000000e+00,3.00000000000000e-01,2.06000000000000e-01,3.95000000000000e-01
4.45000000000000e-01,3.50000000000000e-01,1.40000000000000e-01,5.90500000000000e-01,2.02500000000000e-01,1.58000000000000e-01,1.90000000000000e-01
4.80000000000000e-01,3.75000000000000e-01,1.20000000000000e-01,5.89500000000000e-01,2.53500000000000e-01,1.28000000000000e-01,1.72000000000000e-01
2.85000000000000e-01,2.15000000000000e-01,6.00000000000000e-02,9.35000000000000e-02,3.10000000000000e-02,2.30000000000000e-02,3.00000000000000e-02
5.80000000000000e-01,4.55000000000000e-01,1.70000000000000e-01,9.30000000000000e-01,4.08000000000000e-01,2.59000000000000e-01,2.20000000000000e-01
5.30000000000000e-01,4.05000000000000e-01,1.25000000000000e-01,6.51500000000000e-01,2.71500000000000e-01,1.60500000000000e-01,1.86000000000000e-01
2.80000000000000e-01,2.10000000000000e-01,5.50000000000000e-02,1.06000000000000e-01,4.15000000000000e-02,2.65000000000000e-02,3.10000000000000e-02
3.15000000000000e-01,2.30000000000000e-01,7.00000000000000e-02,1.14500000000000e-01,4.60000000000000e-02,2.35000000000000e-02,3.85000000000000e-02
4.10000000000000e-01,3.15000000000000e-01,9.50000000000000e-02,2.80500000000000e-01,1.14000000000000e-01,3.45000000000000e-02,1.10000000000000e-01
4.35000000000000e-01,3.45000000000000e-01,1.15000000000000e-01,4.18000000000000e-01,2.22000000000000e-01,7.35000000000000e-02,1.06000000000000e-01
7.80000000000000e-01,6.00000000000000e-01,2.10000000000000e-01,2.54800000000000e+00,1.19450000000000e+00,5.74500000000000e-01,6.74500000000000e-01
7.40000000000000e-01,5.65000000000000e-01,2.05000000000000e-01,2.11900000000000e+00,9.65500000000000e-01,5.18500000000000e-01,4.82000000000000e-01
4.30000000000000e-01,3.40000000000000e-01,1.10000000000000e-01,3.64500000000000e-01,1.59000000000000e-01,8.55000000000000e-02,1.05000000000000e-01
2.55000000000000e-01,1.95000000000000e-01,6.50000000000000e-02,8.00000000000000e-02,3.15000000000000e-02,1.80000000000000e-02,2.70000000000000e-02
6.15000000000000e-01,4.75000000000000e-01,1.30000000000000e-01,8.42500000000000e-01,3.53000000000000e-01,1.91500000000000e-01,2.51000000000000e-01
5.90000000000000e-01,4.50000000000000e-01,1.60000000000000e-01,9.98000000000000e-01,4.45000000000000e-01,2.14000000000000e-01,3.01000000000000e-01
6.15000000000000e-01,5.10000000000000e-01,1.50000000000000e-01,1.29600000000000e+00,5.45000000000000e-01,3.31500000000000e-01,3.20000000000000e-01
6.45000000000000e-01,4.90000000000000e-01,2.15000000000000e-01,1.40600000000000e+00,4.26500000000000e-01,2.28500000000000e-01,5.10000000000000e-01
4.85000000000000e-01,3.90000000000000e-01,1.35000000000000e-01,6.17000000000000e-01,2.50000000000000e-01,1.34500000000000e-01,1.63500000000000e-01
5.75000000000000e-01,4.45000000000000e-01,1.40000000000000e-01,9.41000000000000e-01,3.84500000000000e-01,2.52000000000000e-01,2.85000000000000e-01
5.00000000000000e-01,4.10000000000000e-01,1.50000000000000e-01,6.62000000000000e-01,2.81500000000000e-01,1.37000000000000e-01,2.20000000000000e-01
6.60000000000000e-01,5.30000000000000e-01,1.70000000000000e-01,1.32600000000000e+00,5.19000000000000e-01,2.62500000000000e-01,4.40000000000000e-01
6.50000000000000e-01,5.05000000000000e-01,1.80000000000000e-01,1.46900000000000e+00,7.11500000000000e-01,3.33500000000000e-01,3.80000000000000e-01
6.10000000000000e-01,4.65000000000000e-01,1.25000000000000e-01,9.22500000000000e-01,4.36000000000000e-01,1.90000000000000e-01,2.60000000000000e-01
7.10000000000000e-01,5.50000000000000e-01,2.00000000000000e-01,1.90450000000000e+00,8.82000000000000e-01,4.40000000000000e-01,5.00000000000000e-01
6.90000000000000e-01,5.30000000000000e-01,1.70000000000000e-01,1.55350000000000e+00,7.94500000000000e-01,3.48500000000000e-01,3.69500000000000e-01
3.80000000000000e-01,2.90000000000000e-01,8.50000000000000e-02,2.28500000000000e-01,8.80000000000000e-02,4.65000000000000e-02,7.50000000000000e-02
6.35000000000000e-01,4.85000000000000e-01,1.55000000000000e-01,1.07300000000000e+00,4.67000000000000e-01,1.97500000000000e-01,3.50000000000000e-01
6.15000000000000e-01,4.55000000000000e-01,1.45000000000000e-01,1.11550000000000e+00,5.04500000000000e-01,2.38000000000000e-01,3.15000000000000e-01
6.75000000000000e-01,5.70000000000000e-01,2.25000000000000e-01,1.58700000000000e+00,7.39000000000000e-01,2.99500000000000e-01,4.35000000000000e-01
5.75000000000000e-01,4.50000000000000e-01,1.35000000000000e-01,8.24500000000000e-01,3.37500000000000e-01,2.11500000000000e-01,2.39000000000000e-01
3.75000000000000e-01,2.65000000000000e-01,9.50000000000000e-02,1.96000000000000e-01,8.50000000000000e-02,4.20000000000000e-02,5.85000000000000e-02
7.05000000000000e-01,5.50000000000000e-01,2.10000000000000e-01,1.43850000000000e+00,6.55000000000000e-01,3.25500000000000e-01,4.62000000000000e-01
6.00000000000000e-01,4.65000000000000e-01,1.65000000000000e-01,8.87500000000000e-01,3.09000000000000e-01,2.46000000000000e-01,2.62000000000000e-01
5.80000000000000e-01,4.25000000000000e-01,1.55000000000000e-01,8.73000000000000e-01,3.61500000000000e-01,2.49000000000000e-01,2.39000000000000e-01
6.05000000000000e-01,4.80000000000000e-01,1.75000000000000e-01,1.16850000000000e+00,4.81500000000000e-01,2.30500000000000e-01,3.56000000000000e-01
2.40000000000000e-01,1.75000000000000e-01,6.50000000000000e-02,6.65000000000000e-02,3.10000000000000e-02,1.35000000000000e-02,1.70000000000000e-02
4.40000000000000e-01,3.30000000000000e-01,1.10000000000000e-01,3.80000000000000e-01,1.97000000000000e-01,7.90000000000000e-02,9.00000000000000e-02
6.50000000000000e-01,5.20000000000000e-01,1.75000000000000e-01,1.26550000000000e+00,6.15000000000000e-01,2.77500000000000e-01,3.36000000000000e-01
5.20000000000000e-01,4.15000000000000e-01,1.45000000000000e-01,8.04500000000000e-01,3.32500000000000e-01,1.72500000000000e-01,2.85000000000000e-01
4.95000000000000e-01,3.95000000000000e-01,1.20000000000000e-01,5.53000000000000e-01,2.24000000000000e-01,1.37500000000000e-01,1.67000000000000e-01
5.80000000000000e-01,4.35000000000000e-01,1.50000000000000e-01,8.91500000000000e-01,3.63000000000000e-01,1.92500000000000e-01,2.51500000000000e-01
6.15000000000000e-01,4.95000000000000e-01,1.65000000000000e-01,1.19800000000000e+00,5.41500000000000e-01,2.86500000000000e-01,3.18500000000000e-01
6.20000000000000e-01,4.75000000000000e-01,1.85000000000000e-01,1.32500000000000e+00,6.04500000000000e-01,3.25000000000000e-01,3.30000000000000e-01
6.35000000000000e-01,4.95000000000000e-01,1.50000000000000e-02,1.15650000000000e+00,5.11500000000000e-01,3.08000000000000e-01,2.88500000000000e-01
6.40000000000000e-01,4.75000000000000e-01,1.40000000000000e-01,1.07250000000000e+00,4.89500000000000e-01,2.29500000000000e-01,3.10000000000000e-01
6.30000000000000e-01,5.05000000000000e-01,1.65000000000000e-01,1.26000000000000e+00,4.52500000000000e-01,2.75500000000000e-01,4.06000000000000e-01
5.85000000000000e-01,4.30000000000000e-01,1.60000000000000e-01,9.55000000000000e-01,3.62500000000000e-01,1.76000000000000e-01,2.70000000000000e-01
6.25000000000000e-01,4.80000000000000e-01,1.85000000000000e-01,1.20650000000000e+00,5.87000000000000e-01,2.90000000000000e-01,2.86000000000000e-01
6.70000000000000e-01,5.50000000000000e-01,1.70000000000000e-01,1.24700000000000e+00,4.72000000000000e-01,2.45500000000000e-01,4.00000000000000e-01
7.55000000000000e-01,5.75000000000000e-01,2.00000000000000e-01,2.07300000000000e+00,1.01350000000000e+00,4.65500000000000e-01,4.80000000000000e-01
6.20000000000000e-01,4.80000000000000e-01,1.65000000000000e-01,1.04300000000000e+00,4.83500000000000e-01,2.21000000000000e-01,3.10000000000000e-01
5.00000000000000e-01,3.75000000000000e-01,1.20000000000000e-01,5.42000000000000e-01,2.15000000000000e-01,1.16000000000000e-01,1.70000000000000e-01
6.30000000000000e-01,4.95000000000000e-01,1.60000000000000e-01,1.09300000000000e+00,4.97000000000000e-01,2.21000000000000e-01,3.15000000000000e-01
6.20000000000000e-01,4.85000000000000e-01,2.20000000000000e-01,1.51100000000000e+00,5.09500000000000e-01,2.84000000000000e-01,5.10000000000000e-01
7.00000000000000e-01,5.75000000000000e-01,2.05000000000000e-01,1.77300000000000e+00,6.05000000000000e-01,4.47000000000000e-01,5.38000000000000e-01
5.60000000000000e-01,4.35000000000000e-01,1.35000000000000e-01,7.20000000000000e-01,3.29000000000000e-01,1.03000000000000e-01,2.51000000000000e-01
2.40000000000000e-01,1.85000000000000e-01,7.00000000000000e-02,7.15000000000000e-02,2.60000000000000e-02,1.80000000000000e-02,2.50000000000000e-02
6.40000000000000e-01,5.15000000000000e-01,1.80000000000000e-01,1.24700000000000e+00,5.47500000000000e-01,2.92500000000000e-01,3.68500000000000e-01
6.30000000000000e-01,4.90000000000000e-01,1.70000000000000e-01,1.21700000000000e+00,5.51500000000000e-01,2.12000000000000e-01,3.10000000000000e-01
5.00000000000000e-01,4.05000000000000e-01,1.40000000000000e-01,6.73500000000000e-01,2.65000000000000e-01,1.24000000000000e-01,2.50000000000000e-01
5.95000000000000e-01,4.55000000000000e-01,1.40000000000000e-01,9.14000000000000e-01,3.89500000000000e-01,2.22500000000000e-01,2.71000000000000e-01
5.45000000000000e-01,3.85000000000000e-01,1.50000000000000e-01,1.11850000000000e+00,5.42500000000000e-01,2.44500000000000e-01,2.84500000000000e-01
4.50000000000000e-01,3.80000000000000e-01,1.65000000000000e-01,8.16500000000000e-01,2.50000000000000e-01,1.91500000000000e-01,2.65000000000000e-01
6.40000000000000e-01,4.95000000000000e-01,1.65000000000000e-01,1.30700000000000e+00,6.78000000000000e-01,2.92000000000000e-01,2.66000000000000e-01
6.40000000000000e-01,4.85000000000000e-01,1.85000000000000e-01,1.41950000000000e+00,6.73500000000000e-01,3.46500000000000e-01,3.25500000000000e-01
5.65000000000000e-01,4.40000000000000e-01,1.75000000000000e-01,1.12200000000000e+00,3.93000000000000e-01,2.00000000000000e-01,3.75000000000000e-01
3.70000000000000e-01,2.80000000000000e-01,8.50000000000000e-02,2.17000000000000e-01,1.09500000000000e-01,3.50000000000000e-02,6.20000000000000e-02
6.00000000000000e-01,4.70000000000000e-01,1.60000000000000e-01,1.19400000000000e+00,5.62500000000000e-01,3.04500000000000e-01,2.63500000000000e-01
6.25000000000000e-01,4.90000000000000e-01,1.75000000000000e-01,1.33250000000000e+00,5.70500000000000e-01,2.71000000000000e-01,4.05000000000000e-01
2.85000000000000e-01,2.15000000000000e-01,7.50000000000000e-02,1.06000000000000e-01,4.15000000000000e-02,2.30000000000000e-02,3.50000000000000e-02
4.05000000000000e-01,3.10000000000000e-01,1.20000000000000e-01,3.09500000000000e-01,1.38000000000000e-01,5.80000000000000e-02,9.50000000000000e-02
4.70000000000000e-01,3.65000000000000e-01,1.20000000000000e-01,5.82000000000000e-01,2.90000000000000e-01,9.20000000000000e-02,1.46000000000000e-01
6.45000000000000e-01,5.00000000000000e-01,1.60000000000000e-01,1.24650000000000e+00,5.47500000000000e-01,3.27000000000000e-01,3.00000000000000e-01
6.65000000000000e-01,5.15000000000000e-01,1.65000000000000e-01,1.38550000000000e+00,6.21000000000000e-01,3.02000000000000e-01,3.44500000000000e-01
6.40000000000000e-01,5.40000000000000e-01,1.75000000000000e-01,1.22100000000000e+00,5.10000000000000e-01,2.59000000000000e-01,3.90000000000000e-01
4.80000000000000e-01,3.85000000000000e-01,1.45000000000000e-01,6.40000000000000e-01,2.92500000000000e-01,1.40500000000000e-01,1.57500000000000e-01
2.00000000000000e-01,1.55000000000000e-01,4.00000000000000e-02,4.35000000000000e-02,1.55000000000000e-02,9.00000000000000e-03,7.00000000000000e-03
4.75000000000000e-01,3.75000000000000e-01,1.25000000000000e-01,5.93000000000000e-01,2.77000000000000e-01,1.15000000000000e-01,1.80000000000000e-01
2.00000000000000e-01,1.45000000000000e-01,2.50000000000000e-02,3.45000000000000e-02,1.10000000000000e-02,7.50000000000000e-03,1.00000000000000e-02
3.20000000000000e-01,2.35000000000000e-01,6.50000000000000e-02,1.38500000000000e-01,5.80000000000000e-02,2.25000000000000e-02,5.00000000000000e-02
5.70000000000000e-01,4.70000000000000e-01,1.55000000000000e-01,1.18600000000000e+00,6.35500000000000e-01,2.31500000000000e-01,2.77000000000000e-01
6.60000000000000e-01,5.15000000000000e-01,1.70000000000000e-01,1.33700000000000e+00,6.15000000000000e-01,3.12500000000000e-01,3.57500000000000e-01
5.15000000000000e-01,4.05000000000000e-01,1.45000000000000e-01,6.95000000000000e-01,2.15000000000000e-01,1.63500000000000e-01,2.34000000000000e-01
7.25000000000000e-01,5.60000000000000e-01,1.85000000000000e-01,1.79200000000000e+00,8.73000000000000e-01,3.67000000000000e-01,4.35000000000000e-01
3.55000000000000e-01,2.65000000000000e-01,8.50000000000000e-02,2.43500000000000e-01,1.22000000000000e-01,5.25000000000000e-02,6.00000000000000e-02
6.05000000000000e-01,4.75000000000000e-01,1.75000000000000e-01,1.20100000000000e+00,5.39500000000000e-01,2.75000000000000e-01,3.09000000000000e-01
6.45000000000000e-01,5.20000000000000e-01,1.90000000000000e-01,1.31050000000000e+00,5.80000000000000e-01,2.88000000000000e-01,3.70000000000000e-01
5.20000000000000e-01,3.80000000000000e-01,1.35000000000000e-01,5.39500000000000e-01,2.29500000000000e-01,1.33000000000000e-01,1.57000000000000e-01
4.50000000000000e-01,3.50000000000000e-01,1.30000000000000e-01,4.65500000000000e-01,2.07500000000000e-01,1.04500000000000e-01,1.35000000000000e-01
3.60000000000000e-01,2.75000000000000e-01,1.10000000000000e-01,2.33500000000000e-01,9.50000000000000e-02,5.25000000000000e-02,8.50000000000000e-02
5.85000000000000e-01,4.70000000000000e-01,1.70000000000000e-01,1.09900000000000e+00,3.97500000000000e-01,2.32500000000000e-01,3.58000000000000e-01
3.45000000000000e-01,2.70000000000000e-01,1.10000000000000e-01,2.13500000000000e-01,8.20000000000000e-02,5.45000000000000e-02,7.00000000000000e-02
3.65000000000000e-01,2.70000000000000e-01,8.50000000000000e-02,2.05000000000000e-01,7.80000000000000e-02,4.85000000000000e-02,7.00000000000000e-02
4.25000000000000e-01,3.15000000000000e-01,1.25000000000000e-01,3.52500000000000e-01,1.13500000000000e-01,5.65000000000000e-02,1.30000000000000e-01
5.05000000000000e-01,3.80000000000000e-01,1.35000000000000e-01,6.85500000000000e-01,3.61000000000000e-01,1.56500000000000e-01,1.61000000000000e-01
4.30000000000000e-01,3.45000000000000e-01,1.15000000000000e-01,4.29500000000000e-01,2.12000000000000e-01,1.08000000000000e-01,1.09000000000000e-01
6.25000000000000e-01,4.80000000000000e-01,1.75000000000000e-01,1.06500000000000e+00,4.86500000000000e-01,2.59000000000000e-01,2.85000000000000e-01
4.90000000000000e-01,3.80000000000000e-01,1.20000000000000e-01,5.29000000000000e-01,2.16500000000000e-01,1.39000000000000e-01,1.55000000000000e-01
5.45000000000000e-01,4.30000000000000e-01,1.60000000000000e-01,8.44000000000000e-01,3.94500000000000e-01,1.85500000000000e-01,2.31000000000000e-01
5.20000000000000e-01,4.30000000000000e-01,1.50000000000000e-01,7.28000000000000e-01,3.02000000000000e-01,1.57500000000000e-01,2.35000000000000e-01
3.15000000000000e-01,2.40000000000000e-01,8.50000000000000e-02,1.71500000000000e-01,7.10000000000000e-02,3.45000000000000e-02,5.35000000000000e-02
3.85000000000000e-01,2.85000000000000e-01,8.50000000000000e-02,2.44000000000000e-01,1.21500000000000e-01,4.45000000000000e-02,6.80000000000000e-02
7.45000000000000e-01,5.65000000000000e-01,2.15000000000000e-01,1.93100000000000e+00,8.96000000000000e-01,4.58500000000000e-01,5.00000000000000e-01
7.10000000000000e-01,5.65000000000000e-01,1.95000000000000e-01,1.81700000000000e+00,7.85000000000000e-01,4.92000000000000e-01,4.90000000000000e-01
5.05000000000000e-01,4.00000000000000e-01,1.50000000000000e-01,7.75000000000000e-01,3.44500000000000e-01,1.57000000000000e-01,1.85000000000000e-01
6.70000000000000e-01,5.05000000000000e-01,2.05000000000000e-01,1.36450000000000e+00,6.07500000000000e-01,3.02500000000000e-01,3.53000000000000e-01
4.70000000000000e-01,3.75000000000000e-01,1.20000000000000e-01,5.80500000000000e-01,2.66000000000000e-01,9.35000000000000e-02,1.69000000000000e-01
5.95000000000000e-01,4.80000000000000e-01,1.50000000000000e-01,1.11000000000000e+00,4.98000000000000e-01,2.28000000000000e-01,3.30000000000000e-01
6.55000000000000e-01,5.00000000000000e-01,1.40000000000000e-01,1.17050000000000e+00,5.40500000000000e-01,3.17500000000000e-01,2.85000000000000e-01
5.55000000000000e-01,4.05000000000000e-01,1.20000000000000e-01,9.13000000000000e-01,4.58500000000000e-01,1.96000000000000e-01,2.06500000000000e-01
5.75000000000000e-01,4.80000000000000e-01,1.50000000000000e-01,9.46500000000000e-01,4.35500000000000e-01,2.60500000000000e-01,2.50500000000000e-01
5.95000000000000e-01,4.60000000000000e-01,1.70000000000000e-01,1.12950000000000e+00,5.70000000000000e-01,2.55500000000000e-01,2.65000000000000e-01
4.25000000000000e-01,3.25000000000000e-01,1.10000000000000e-01,3.33500000000000e-01,1.73000000000000e-01,4.50000000000000e-02,1.00000000000000e-01
6.40000000000000e-01,5.65000000000000e-01,2.30000000000000e-01,1.52100000000000e+00,6.44000000000000e-01,3.72000000000000e-01,4.06000000000000e-01
4.10000000000000e-01,3.00000000000000e-01,9.00000000000000e-02,3.04000000000000e-01,1.29000000000000e-01,7.10000000000000e-02,9.55000000000000e-02
6.20000000000000e-01,5.20000000000000e-01,2.25000000000000e-01,1.18350000000000e+00,3.78000000000000e-01,2.70000000000000e-01,3.95000000000000e-01
5.90000000000000e-01,4.55000000000000e-01,1.45000000000000e-01,1.07300000000000e+00,4.75000000000000e-01,1.90000000000000e-01,2.85000000000000e-01
5.70000000000000e-01,4.50000000000000e-01,1.35000000000000e-01,7.80500000000000e-01,3.34500000000000e-01,1.85000000000000e-01,2.10000000000000e-01
3.50000000000000e-01,2.50000000000000e-01,7.00000000000000e-02,1.60500000000000e-01,7.15000000000000e-02,3.35000000000000e-02,4.60000000000000e-02
6.40000000000000e-01,4.95000000000000e-01,1.70000000000000e-01,1.13900000000000e+00,5.39500000000000e-01,2.82000000000000e-01,2.85000000000000e-01
4.70000000000000e-01,3.75000000000000e-01,1.20000000000000e-01,4.87000000000000e-01,1.96000000000000e-01,9.90000000000000e-02,1.35000000000000e-01
2.90000000000000e-01,2.25000000000000e-01,7.50000000000000e-02,1.52000000000000e-01,7.10000000000000e-02,5.90000000000000e-02,4.50000000000000e-02
5.20000000000000e-01,4.10000000000000e-01,1.15000000000000e-01,8.07000000000000e-01,2.85500000000000e-01,1.79000000000000e-01,2.35000000000000e-01
4.90000000000000e-01,3.60000000000000e-01,1.10000000000000e-01,5.00500000000000e-01,1.61000000000000e-01,1.07000000000000e-01,1.95000000000000e-01
5.30000000000000e-01,4.30000000000000e-01,1.70000000000000e-01,7.75000000000000e-01,3.50000000000000e-01,1.52000000000000e-01,2.35000000000000e-01
7.00000000000000e-01,5.40000000000000e-01,2.15000000000000e-01,1.97800000000000e+00,6.67500000000000e-01,3.12500000000000e-01,7.10000000000000e-01
6.20000000000000e-01,4.90000000000000e-01,1.70000000000000e-01,1.21050000000000e+00,5.18500000000000e-01,2.55500000000000e-01,3.35000000000000e-01
5.25000000000000e-01,4.25000000000000e-01,1.45000000000000e-01,7.99500000000000e-01,3.34500000000000e-01,2.09000000000000e-01,2.40000000000000e-01
4.30000000000000e-01,3.25000000000000e-01,9.00000000000000e-02,4.25000000000000e-01,2.17000000000000e-01,8.70000000000000e-02,9.50000000000000e-02
3.45000000000000e-01,2.55000000000000e-01,8.00000000000000e-02,1.69000000000000e-01,6.00000000000000e-02,4.25000000000000e-02,5.40000000000000e-02
4.60000000000000e-01,3.60000000000000e-01,1.00000000000000e-01,4.63500000000000e-01,2.32500000000000e-01,9.30000000000000e-02,1.15000000000000e-01
4.45000000000000e-01,3.55000000000000e-01,1.50000000000000e-01,4.85000000000000e-01,1.81000000000000e-01,1.25000000000000e-01,1.55000000000000e-01
5.70000000000000e-01,4.25000000000000e-01,1.40000000000000e-01,7.65500000000000e-01,3.31000000000000e-01,1.40000000000000e-01,2.40000000000000e-01
3.25000000000000e-01,2.50000000000000e-01,7.00000000000000e-02,1.74500000000000e-01,8.75000000000000e-02,3.55000000000000e-02,4.00000000000000e-02
4.25000000000000e-01,3.05000000000000e-01,1.10000000000000e-01,3.59000000000000e-01,1.73000000000000e-01,8.75000000000000e-02,9.75000000000000e-02
4.55000000000000e-01,3.70000000000000e-01,1.25000000000000e-01,4.33000000000000e-01,2.01000000000000e-01,1.26500000000000e-01,1.45000000000000e-01
5.75000000000000e-01,4.65000000000000e-01,1.20000000000000e-01,1.05350000000000e+00,5.16000000000000e-01,2.18500000000000e-01,2.35000000000000e-01
5.95000000000000e-01,4.60000000000000e-01,1.55000000000000e-01,1.04550000000000e+00,4.56500000000000e-01,2.40000000000000e-01,3.08500000000000e-01
4.00000000000000e-01,3.00000000000000e-01,1.10000000000000e-01,2.98500000000000e-01,1.37500000000000e-01,7.10000000000000e-02,7.50000000000000e-02
5.75000000000000e-01,4.40000000000000e-01,1.50000000000000e-01,9.83000000000000e-01,4.86000000000000e-01,2.15000000000000e-01,2.39000000000000e-01
6.35000000000000e-01,5.25000000000000e-01,1.80000000000000e-01,1.36950000000000e+00,6.34000000000000e-01,3.18000000000000e-01,3.63000000000000e-01
6.30000000000000e-01,5.15000000000000e-01,1.60000000000000e-01,1.33600000000000e+00,5.53000000000000e-01,3.20500000000000e-01,3.50000000000000e-01
5.65000000000000e-01,4.45000000000000e-01,1.55000000000000e-01,8.26000000000000e-01,3.41000000000000e-01,2.05500000000000e-01,2.47500000000000e-01
2.55000000000000e-01,1.85000000000000e-01,6.00000000000000e-02,8.80000000000000e-02,3.65000000000000e-02,2.10000000000000e-02,2.30000000000000e-02
4.35000000000000e-01,3.35000000000000e-01,1.10000000000000e-01,3.34000000000000e-01,1.35500000000000e-01,7.75000000000000e-02,9.65000000000000e-02
6.30000000000000e-01,4.55000000000000e-01,1.50000000000000e-01,1.13150000000000e+00,4.81000000000000e-01,2.74500000000000e-01,3.05000000000000e-01
6.05000000000000e-01,4.70000000000000e-01,1.45000000000000e-01,8.02500000000000e-01,3.79000000000000e-01,2.26500000000000e-01,2.20000000000000e-01
5.50000000000000e-01,4.25000000000000e-01,1.50000000000000e-01,6.39000000000000e-01,2.69000000000000e-01,1.34500000000000e-01,2.17000000000000e-01
5.35000000000000e-01,4.05000000000000e-01,1.75000000000000e-01,1.27050000000000e+00,5.48000000000000e-01,3.26500000000000e-01,3.37000000000000e-01
3.35000000000000e-01,2.50000000000000e-01,8.00000000000000e-02,1.67000000000000e-01,6.75000000000000e-02,3.25000000000000e-02,5.75000000000000e-02
2.15000000000000e-01,1.50000000000000e-01,5.50000000000000e-02,4.10000000000000e-02,1.50000000000000e-02,9.00000000000000e-03,1.25000000000000e-02
7.20000000000000e-01,5.75000000000000e-01,1.80000000000000e-01,1.67050000000000e+00,7.32000000000000e-01,3.60500000000000e-01,5.01000000000000e-01
7.05000000000000e-01,5.30000000000000e-01,1.70000000000000e-01,1.56400000000000e+00,6.12000000000000e-01,3.94000000000000e-01,4.40000000000000e-01
6.30000000000000e-01,4.70000000000000e-01,1.55000000000000e-01,1.13250000000000e+00,5.89000000000000e-01,2.11000000000000e-01,2.87000000000000e-01
6.95000000000000e-01,5.60000000000000e-01,2.20000000000000e-01,1.83400000000000e+00,8.45500000000000e-01,4.22000000000000e-01,4.55000000000000e-01
6.25000000000000e-01,4.75000000000000e-01,1.75000000000000e-01,1.34050000000000e+00,6.56000000000000e-01,2.83000000000000e-01,3.37000000000000e-01
6.30000000000000e-01,4.85000000000000e-01,1.70000000000000e-01,1.32050000000000e+00,5.94500000000000e-01,3.45000000000000e-01,3.45000000000000e-01
4.40000000000000e-01,3.20000000000000e-01,9.50000000000000e-02,3.27500000000000e-01,1.49500000000000e-01,5.90000000000000e-02,1.00000000000000e-01
5.00000000000000e-01,3.80000000000000e-01,1.10000000000000e-01,4.94000000000000e-01,2.18000000000000e-01,9.00000000000000e-02,1.32500000000000e-01
6.10000000000000e-01,4.60000000000000e-01,1.70000000000000e-01,1.27800000000000e+00,4.10000000000000e-01,2.57000000000000e-01,3.70000000000000e-01
3.10000000000000e-01,2.15000000000000e-01,7.50000000000000e-02,1.27500000000000e-01,5.65000000000000e-02,2.75000000000000e-02,3.60000000000000e-02
5.80000000000000e-01,4.50000000000000e-01,1.70000000000000e-01,9.70500000000000e-01,4.61500000000000e-01,2.32000000000000e-01,2.48000000000000e-01
6.25000000000000e-01,4.95000000000000e-01,1.55000000000000e-01,1.17700000000000e+00,5.05500000000000e-01,2.78000000000000e-01,3.45000000000000e-01
6.10000000000000e-01,4.65000000000000e-01,1.60000000000000e-01,1.07250000000000e+00,4.83500000000000e-01,2.51500000000000e-01,2.80000000000000e-01
3.60000000000000e-01,2.65000000000000e-01,7.50000000000000e-02,1.78500000000000e-01,7.85000000000000e-02,3.50000000000000e-02,5.40000000000000e-02
3.65000000000000e-01,2.80000000000000e-01,9.00000000000000e-02,1.96000000000000e-01,8.65000000000000e-02,3.60000000000000e-02,6.05000000000000e-02
6.65000000000000e-01,5.05000000000000e-01,1.65000000000000e-01,1.34900000000000e+00,5.98500000000000e-01,3.17500000000000e-01,3.60000000000000e-01
5.30000000000000e-01,3.95000000000000e-01,1.45000000000000e-01,7.75000000000000e-01,3.08000000000000e-01,1.69000000000000e-01,2.55000000000000e-01
6.70000000000000e-01,5.15000000000000e-01,1.70000000000000e-01,1.42650000000000e+00,6.60500000000000e-01,3.39500000000000e-01,3.70000000000000e-01
6.30000000000000e-01,4.95000000000000e-01,1.75000000000000e-01,1.26950000000000e+00,6.05000000000000e-01,2.71000000000000e-01,3.28000000000000e-01
6.10000000000000e-01,4.70000000000000e-01,1.70000000000000e-01,1.11850000000000e+00,5.22500000000000e-01,2.40500000000000e-01,3.10000000000000e-01
5.95000000000000e-01,4.75000000000000e-01,1.70000000000000e-01,1.24700000000000e+00,4.80000000000000e-01,2.25000000000000e-01,4.25000000000000e-01
3.90000000000000e-01,2.95000000000000e-01,9.50000000000000e-02,2.03000000000000e-01,8.75000000000000e-02,4.50000000000000e-02,7.50000000000000e-02
7.25000000000000e-01,6.00000000000000e-01,2.00000000000000e-01,1.73700000000000e+00,6.97000000000000e-01,3.58500000000000e-01,5.95000000000000e-01
5.90000000000000e-01,5.00000000000000e-01,1.65000000000000e-01,1.10450000000000e+00,4.56500000000000e-01,2.42500000000000e-01,3.40000000000000e-01
5.45000000000000e-01,4.40000000000000e-01,1.65000000000000e-01,7.44000000000000e-01,2.87500000000000e-01,2.04000000000000e-01,2.50000000000000e-01
6.05000000000000e-01,4.65000000000000e-01,1.65000000000000e-01,1.05600000000000e+00,4.21500000000000e-01,2.47500000000000e-01,3.40000000000000e-01
6.45000000000000e-01,4.95000000000000e-01,1.50000000000000e-01,1.20950000000000e+00,6.03000000000000e-01,2.22500000000000e-01,3.39000000000000e-01
3.70000000000000e-01,2.95000000000000e-01,1.00000000000000e-01,2.68500000000000e-01,1.16500000000000e-01,5.60000000000000e-02,8.35000000000000e-02
6.25000000000000e-01,4.60000000000000e-01,1.60000000000000e-01,1.23950000000000e+00,5.50000000000000e-01,2.73000000000000e-01,3.80000000000000e-01
5.00000000000000e-01,3.75000000000000e-01,1.15000000000000e-01,5.94500000000000e-01,1.85000000000000e-01,1.48000000000000e-01,1.90000000000000e-01
4.15000000000000e-01,3.40000000000000e-01,1.30000000000000e-01,3.67500000000000e-01,1.46000000000000e-01,8.85000000000000e-02,1.20000000000000e-01
5.25000000000000e-01,4.00000000000000e-01,1.30000000000000e-01,6.22000000000000e-01,2.65500000000000e-01,1.47000000000000e-01,1.84000000000000e-01
6.60000000000000e-01,5.45000000000000e-01,1.85000000000000e-01,1.32000000000000e+00,5.30500000000000e-01,2.63500000000000e-01,4.55000000000000e-01
4.90000000000000e-01,3.95000000000000e-01,1.20000000000000e-01,6.74000000000000e-01,3.32500000000000e-01,1.23500000000000e-01,1.85000000000000e-01
4.20000000000000e-01,3.20000000000000e-01,1.15000000000000e-01,3.76000000000000e-01,1.69000000000000e-01,9.20000000000000e-02,1.00000000000000e-01
7.10000000000000e-01,5.60000000000000e-01,1.80000000000000e-01,1.65200000000000e+00,7.35000000000000e-01,3.81000000000000e-01,4.52500000000000e-01
6.20000000000000e-01,4.85000000000000e-01,1.55000000000000e-01,1.04900000000000e+00,4.62000000000000e-01,2.31000000000000e-01,2.50000000000000e-01
7.60000000000000e-01,5.75000000000000e-01,1.90000000000000e-01,1.82900000000000e+00,7.03500000000000e-01,3.86000000000000e-01,5.60000000000000e-01
6.65000000000000e-01,5.35000000000000e-01,1.95000000000000e-01,1.60600000000000e+00,5.75500000000000e-01,3.88000000000000e-01,4.80000000000000e-01
6.70000000000000e-01,5.50000000000000e-01,1.55000000000000e-01,1.56600000000000e+00,8.58000000000000e-01,3.39000000000000e-01,3.54000000000000e-01
5.90000000000000e-01,4.75000000000000e-01,1.65000000000000e-01,1.07700000000000e+00,4.54500000000000e-01,2.44000000000000e-01,3.09500000000000e-01
3.85000000000000e-01,2.90000000000000e-01,8.50000000000000e-02,2.50500000000000e-01,1.12000000000000e-01,6.10000000000000e-02,8.00000000000000e-02
4.60000000000000e-01,3.80000000000000e-01,1.35000000000000e-01,4.82000000000000e-01,2.07000000000000e-01,1.22500000000000e-01,1.45000000000000e-01
5.75000000000000e-01,4.50000000000000e-01,1.55000000000000e-01,9.48000000000000e-01,4.29000000000000e-01,2.06000000000000e-01,2.59000000000000e-01
6.00000000000000e-01,4.65000000000000e-01,1.60000000000000e-01,1.13300000000000e+00,4.66000000000000e-01,2.88500000000000e-01,2.98000000000000e-01
3.30000000000000e-01,2.30000000000000e-01,8.00000000000000e-02,1.40000000000000e-01,5.65000000000000e-02,3.65000000000000e-02,4.60000000000000e-02
5.60000000000000e-01,4.25000000000000e-01,1.45000000000000e-01,6.88000000000000e-01,3.09500000000000e-01,1.30500000000000e-01,2.16500000000000e-01
4.40000000000000e-01,3.35000000000000e-01,1.15000000000000e-01,4.21500000000000e-01,1.73000000000000e-01,7.65000000000000e-02,1.13000000000000e-01
4.05000000000000e-01,3.10000000000000e-01,1.00000000000000e-01,3.85000000000000e-01,1.73000000000000e-01,9.15000000000000e-02,1.10000000000000e-01
4.15000000000000e-01,3.20000000000000e-01,1.10000000000000e-01,3.73500000000000e-01,1.75000000000000e-01,7.55000000000000e-02,1.09000000000000e-01
7.15000000000000e-01,5.65000000000000e-01,2.40000000000000e-01,2.19950000000000e+00,7.24500000000000e-01,4.65000000000000e-01,8.85000000000000e-01
5.45000000000000e-01,4.30000000000000e-01,1.50000000000000e-01,7.42000000000000e-01,3.52500000000000e-01,1.58000000000000e-01,2.08000000000000e-01
2.80000000000000e-01,2.10000000000000e-01,6.50000000000000e-02,1.11000000000000e-01,4.25000000000000e-02,2.85000000000000e-02,3.00000000000000e-02
5.05000000000000e-01,4.05000000000000e-01,1.80000000000000e-01,6.06000000000000e-01,2.39000000000000e-01,1.23500000000000e-01,1.80000000000000e-01
4.70000000000000e-01,3.85000000000000e-01,1.30000000000000e-01,5.87000000000000e-01,2.64000000000000e-01,1.17000000000000e-01,1.74000000000000e-01
6.50000000000000e-01,5.45000000000000e-01,1.75000000000000e-01,1.52450000000000e+00,5.90000000000000e-01,3.26000000000000e-01,4.95000000000000e-01
5.20000000000000e-01,4.00000000000000e-01,1.20000000000000e-01,8.23000000000000e-01,2.98000000000000e-01,1.80500000000000e-01,2.65000000000000e-01
2.30000000000000e-01,1.80000000000000e-01,5.00000000000000e-02,6.40000000000000e-02,2.15000000000000e-02,1.35000000000000e-02,2.00000000000000e-02
6.55000000000000e-01,5.15000000000000e-01,1.60000000000000e-01,1.31000000000000e+00,5.53000000000000e-01,3.69000000000000e-01,3.45000000000000e-01
6.15000000000000e-01,5.00000000000000e-01,2.05000000000000e-01,1.10550000000000e+00,4.44500000000000e-01,2.27000000000000e-01,3.90000000000000e-01
3.50000000000000e-01,2.35000000000000e-01,8.00000000000000e-02,1.70000000000000e-01,7.25000000000000e-02,4.65000000000000e-02,4.95000000000000e-02
6.60000000000000e-01,5.25000000000000e-01,2.05000000000000e-01,1.36650000000000e+00,5.00500000000000e-01,2.91000000000000e-01,4.10000000000000e-01
6.55000000000000e-01,5.40000000000000e-01,2.15000000000000e-01,1.84400000000000e+00,7.42500000000000e-01,3.27000000000000e-01,5.85000000000000e-01
4.45000000000000e-01,3.40000000000000e-01,1.45000000000000e-01,4.34000000000000e-01,1.94500000000000e-01,9.05000000000000e-02,1.30000000000000e-01
5.55000000000000e-01,4.40000000000000e-01,1.50000000000000e-01,8.38000000000000e-01,4.15500000000000e-01,1.46000000000000e-01,2.30000000000000e-01
4.35000000000000e-01,3.40000000000000e-01,1.10000000000000e-01,3.79500000000000e-01,1.49500000000000e-01,8.50000000000000e-02,1.20000000000000e-01
3.85000000000000e-01,2.80000000000000e-01,1.00000000000000e-01,2.75500000000000e-01,1.30500000000000e-01,6.10000000000000e-02,7.25000000000000e-02
5.85000000000000e-01,4.50000000000000e-01,1.60000000000000e-01,1.07700000000000e+00,4.99500000000000e-01,2.87500000000000e-01,2.50000000000000e-01
4.95000000000000e-01,4.00000000000000e-01,1.20000000000000e-01,6.60500000000000e-01,2.60500000000000e-01,1.61000000000000e-01,1.90000000000000e-01
2.50000000000000e-01,1.75000000000000e-01,6.00000000000000e-02,6.35000000000000e-02,2.75000000000000e-02,8.00000000000000e-03,2.00000000000000e-02
5.35000000000000e-01,3.90000000000000e-01,1.25000000000000e-01,5.99000000000000e-01,2.59500000000000e-01,1.49000000000000e-01,1.69000000000000e-01
6.15000000000000e-01,4.80000000000000e-01,1.80000000000000e-01,1.15950000000000e+00,4.84500000000000e-01,2.16500000000000e-01,3.25000000000000e-01
5.85000000000000e-01,4.70000000000000e-01,1.45000000000000e-01,9.56500000000000e-01,4.02500000000000e-01,2.36500000000000e-01,2.65000000000000e-01
4.40000000000000e-01,3.25000000000000e-01,9.00000000000000e-02,3.50000000000000e-01,1.48000000000000e-01,6.70000000000000e-02,1.05000000000000e-01
6.15000000000000e-01,5.25000000000000e-01,1.55000000000000e-01,1.03850000000000e+00,4.27000000000000e-01,2.31500000000000e-01,3.45000000000000e-01
3.65000000000000e-01,2.55000000000000e-01,8.00000000000000e-02,1.98500000000000e-01,7.85000000000000e-02,3.45000000000000e-02,5.30000000000000e-02
3.95000000000000e-01,2.90000000000000e-01,9.50000000000000e-02,3.04000000000000e-01,1.27000000000000e-01,8.40000000000000e-02,7.70000000000000e-02
5.75000000000000e-01,4.80000000000000e-01,1.50000000000000e-01,8.97000000000000e-01,4.23500000000000e-01,1.90500000000000e-01,2.48000000000000e-01
5.35000000000000e-01,4.00000000000000e-01,1.30000000000000e-01,6.57000000000000e-01,2.83500000000000e-01,1.62000000000000e-01,1.75000000000000e-01
7.50000000000000e-01,5.55000000000000e-01,2.15000000000000e-01,2.20100000000000e+00,1.06150000000000e+00,5.23500000000000e-01,5.28500000000000e-01
5.85000000000000e-01,4.50000000000000e-01,1.50000000000000e-01,1.04700000000000e+00,4.31500000000000e-01,2.76000000000000e-01,3.15000000000000e-01
