3.85000000000000e-01,2.80000000000000e-01,9.50000000000000e-02,2.57000000000000e-01,1.19000000000000e-01,5.90000000000000e-02,7.00000000000000e-02
5.50000000000000e-01,3.80000000000000e-01,1.65000000000000e-01,1.20500000000000e+00,5.43000000000000e-01,2.94000000000000e-01,3.34500000000000e-01
4.80000000000000e-01,3.55000000000000e-01,1.25000000000000e-01,4.94000000000000e-01,2.38500000000000e-01,8.35000000000000e-02,1.50000000000000e-01
3.45000000000000e-01,2.65000000000000e-01,9.00000000000000e-02,1.63000000000000e-01,6.15000000000000e-02,3.70000000000000e-02,4.85000000000000e-02
4.15000000000000e-01,3.15000000000000e-01,1.00000000000000e-01,3.64500000000000e-01,1.76500000000000e-01,7.95000000000000e-02,9.50000000000000e-02
6.45000000000000e-01,5.00000000000000e-01,1.75000000000000e-01,1.33850000000000e+00,6.33000000000000e-01,2.99000000000000e-01,3.49000000000000e-01
5.00000000000000e-01,4.00000000000000e-01,1.25000000000000e-01,6.72500000000000e-01,3.36000000000000e-01,1.20000000000000e-01,1.82500000000000e-01
5.30000000000000e-01,4.05000000000000e-01,1.20000000000000e-01,6.32000000000000e-01,2.71500000000000e-01,1.48000000000000e-01,1.87500000000000e-01
6.75000000000000e-01,5.20000000000000e-01,1.75000000000000e-01,1.49400000000000e+00,7.36500000000000e-01,3.05500000000000e-01,3.70000000000000e-01
4.95000000000000e-01,3.75000000000000e-01,1.15000000000000e-01,5.07000000000000e-01,2.41000000000000e-01,1.03000000000000e-01,1.50000000000000e-01
5.85000000000000e-01,4.75000000000000e-01,1.20000000000000e-01,9.45000000000000e-01,4.10000000000000e-01,2.11500000000000e-01,2.80000000000000e-01
5.00000000000000e-01,4.00000000000000e-01,1.25000000000000e-01,5.76500000000000e-01,2.39500000000000e-01,1.26000000000000e-01,1.85000000000000e-01
5.20000000000000e-01,4.25000000000000e-01,1.25000000000000e-01,7.90000000000000e-01,3.72000000000000e-01,2.05000000000000e-01,1.90000000000000e-01
4.95000000000000e-01,3.85000000000000e-01,1.25000000000000e-01,5.85000000000000e-01,2.75500000000000e-01,1.23500000000000e-01,1.65000000000000e-01
4.40000000000000e-01,3.45000000000000e-01,1.70000000000000e-01,4.08500000000000e-01,1.50000000000000e-01,8.25000000000000e-02,1.51500000000000e-01
5.25000000000000e-01,4.05000000000000e-01,1.25000000000000e-01,6.57000000000000e-01,2.98500000000000e-01,1.50500000000000e-01,1.68000000000000e-01
3.10000000000000e-01,2.30000000000000e-01,7.00000000000000e-02,1.24500000000000e-01,5.05000000000000e-02,2.65000000000000e-02,3.80000000000000e-02
4.80000000000000e-01,3.80000000000000e-01,1.35000000000000e-01,5.28000000000000e-01,2.00000000000000e-01,1.39500000000000e-01,1.60000000000000e-01
6.20000000000000e-01,4.65000000000000e-01,1.40000000000000e-01,1.01100000000000e+00,4.79000000000000e-01,2.38500000000000e-01,2.55000000000000e-01
6.50000000000000e-01,5.25000000000000e-01,1.90000000000000e-01,1.61250000000000e+00,7.77000000000000e-01,3.68500000000000e-01,3.96500000000000e-01
6.45000000000000e-01,5.10000000000000e-01,1.60000000000000e-01,1.33000000000000e+00,6.66500000000000e-01,3.09000000000000e-01,3.17000000000000e-01
6.00000000000000e-01,5.00000000000000e-01,1.55000000000000e-01,1.33200000000000e+00,6.23500000000000e-01,2.83500000000000e-01,3.50000000000000e-01
6.80000000000000e-01,5.20000000000000e-01,1.85000000000000e-01,1.54100000000000e+00,5.98500000000000e-01,3.95000000000000e-01,4.57500000000000e-01
6.30000000000000e-01,4.85000000000000e-01,1.55000000000000e-01,1.27800000000000e+00,6.37000000000000e-01,2.75000000000000e-01,3.10000000000000e-01
4.60000000000000e-01,3.65000000000000e-01,1.10000000000000e-01,4.49500000000000e-01,1.75500000000000e-01,1.02000000000000e-01,1.50000000000000e-01
6.40000000000000e-01,5.25000000000000e-01,2.00000000000000e-01,1.37650000000000e+00,4.40000000000000e-01,3.07500000000000e-01,4.70000000000000e-01
3.85000000000000e-01,2.65000000000000e-01,8.00000000000000e-02,2.51000000000000e-01,1.24000000000000e-01,3.70000000000000e-02,7.00000000000000e-02
7.45000000000000e-01,5.85000000000000e-01,2.15000000000000e-01,2.49900000000000e+00,9.26500000000000e-01,4.72000000000000e-01,7.00000000000000e-01
3.70000000000000e-01,2.85000000000000e-01,1.05000000000000e-01,2.70000000000000e-01,1.12500000000000e-01,5.85000000000000e-02,8.35000000000000e-02
6.10000000000000e-01,4.65000000000000e-01,1.60000000000000e-01,1.07250000000000e+00,4.83500000000000e-01,2.51500000000000e-01,2.80000000000000e-01
3.85000000000000e-01,3.05000000000000e-01,9.50000000000000e-02,2.52000000000000e-01,9.15000000000000e-02,5.50000000000000e-02,9.00000000000000e-02
4.60000000000000e-01,3.60000000000000e-01,1.35000000000000e-01,6.10500000000000e-01,1.95500000000000e-01,1.07000000000000e-01,2.35000000000000e-01
6.40000000000000e-01,4.85000000000000e-01,1.60000000000000e-01,1.00600000000000e+00,4.56000000000000e-01,2.24500000000000e-01,2.83500000000000e-01
5.60000000000000e-01,4.30000000000000e-01,1.50000000000000e-01,8.82500000000000e-01,3.46500000000000e-01,1.72000000000000e-01,3.10000000000000e-01
4.40000000000000e-01,3.40000000000000e-01,1.05000000000000e-01,4.02000000000000e-01,1.30500000000000e-01,9.55000000000000e-02,1.65000000000000e-01
5.65000000000000e-01,4.35000000000000e-01,1.85000000000000e-01,1.03200000000000e+00,3.54000000000000e-01,2.04500000000000e-01,3.10000000000000e-01
4.85000000000000e-01,3.90000000000000e-01,8.50000000000000e-02,6.43500000000000e-01,2.94500000000000e-01,1.03000000000000e-01,1.98000000000000e-01
5.75000000000000e-01,4.45000000000000e-01,1.60000000000000e-01,8.39000000000000e-01,4.00500000000000e-01,1.98000000000000e-01,2.39000000000000e-01
6.25000000000000e-01,4.90000000000000e-01,1.65000000000000e-01,1.11650000000000e+00,4.89500000000000e-01,2.61500000000000e-01,3.32500000000000e-01
7.40000000000000e-01,5.80000000000000e-01,2.05000000000000e-01,2.38100000000000e+00,8.15500000000000e-01,4.69500000000000e-01,4.88000000000000e-01
5.90000000000000e-01,4.75000000000000e-01,1.60000000000000e-01,1.10150000000000e+00,4.77500000000000e-01,2.55500000000000e-01,2.95000000000000e-01
7.20000000000000e-01,5.50000000000000e-01,1.95000000000000e-01,2.07300000000000e+00,1.07150000000000e+00,4.26500000000000e-01,5.01500000000000e-01
4.35000000000000e-01,3.25000000000000e-01,1.00000000000000e-01,3.42000000000000e-01,1.33500000000000e-01,8.35000000000000e-02,1.05000000000000e-01
3.80000000000000e-01,2.75000000000000e-01,1.10000000000000e-01,2.56000000000000e-01,1.10000000000000e-01,5.35000000000000e-02,7.55000000000000e-02
1.70000000000000e-01,1.25000000000000e-01,5.50000000000000e-02,2.35000000000000e-02,9.00000000000000e-03,5.50000000000000e-03,8.00000000000000e-03
5.15000000000000e-01,4.20000000000000e-01,1.40000000000000e-01,7.69000000000000e-01,2.50500000000000e-01,1.54000000000000e-01,2.90000000000000e-01
5.70000000000000e-01,4.70000000000000e-01,1.55000000000000e-01,1.18600000000000e+00,6.35500000000000e-01,2.31500000000000e-01,2.77000000000000e-01
5.70000000000000e-01,4.40000000000000e-01,1.25000000000000e-01,8.65000000000000e-01,3.67500000000000e-01,1.72500000000000e-01,2.70000000000000e-01
5.20000000000000e-01,4.00000000000000e-01,1.20000000000000e-01,5.80000000000000e-01,2.34000000000000e-01,1.31500000000000e-01,1.85000000000000e-01
5.15000000000000e-01,3.60000000000000e-01,1.25000000000000e-01,4.72500000000000e-01,1.81500000000000e-01,1.25000000000000e-01,1.38000000000000e-01
4.70000000000000e-01,3.50000000000000e-01,1.15000000000000e-01,4.87000000000000e-01,1.95500000000000e-01,1.27000000000000e-01,1.55000000000000e-01
7.55000000000000e-01,6.25000000000000e-01,2.10000000000000e-01,2.50500000000000e+00,1.19650000000000e+00,5.13000000000000e-01,6.78500000000000e-01
4.45000000000000e-01,3.55000000000000e-01,9.50000000000000e-02,3.61500000000000e-01,1.41500000000000e-01,7.85000000000000e-02,1.20000000000000e-01
6.60000000000000e-01,5.30000000000000e-01,1.70000000000000e-01,1.32600000000000e+00,5.19000000000000e-01,2.62500000000000e-01,4.40000000000000e-01
5.55000000000000e-01,4.30000000000000e-01,1.25000000000000e-01,7.00500000000000e-01,3.39500000000000e-01,1.35500000000000e-01,2.09500000000000e-01
7.40000000000000e-01,5.95000000000000e-01,1.90000000000000e-01,2.32350000000000e+00,1.14950000000000e+00,5.11500000000000e-01,5.05000000000000e-01
7.35000000000000e-01,5.65000000000000e-01,2.05000000000000e-01,2.12750000000000e+00,9.49000000000000e-01,4.60000000000000e-01,5.65000000000000e-01
6.35000000000000e-01,5.00000000000000e-01,1.80000000000000e-01,1.31200000000000e+00,5.29000000000000e-01,2.48500000000000e-01,4.85000000000000e-01
5.00000000000000e-01,4.00000000000000e-01,1.50000000000000e-01,8.08500000000000e-01,2.73000000000000e-01,1.12000000000000e-01,2.95000000000000e-01
4.30000000000000e-01,3.30000000000000e-01,9.50000000000000e-02,3.40000000000000e-01,1.31500000000000e-01,8.50000000000000e-02,1.12000000000000e-01
5.85000000000000e-01,4.50000000000000e-01,1.25000000000000e-01,8.74000000000000e-01,3.54500000000000e-01,2.07500000000000e-01,2.25000000000000e-01
3.95000000000000e-01,2.95000000000000e-01,9.50000000000000e-02,2.72500000000000e-01,1.15000000000000e-01,6.25000000000000e-02,8.50000000000000e-02
6.65000000000000e-01,5.20000000000000e-01,1.65000000000000e-01,1.68850000000000e+00,7.29500000000000e-01,4.07000000000000e-01,4.26500000000000e-01
5.70000000000000e-01,4.50000000000000e-01,1.75000000000000e-01,9.55500000000000e-01,3.80000000000000e-01,1.66500000000000e-01,2.95000000000000e-01
4.75000000000000e-01,3.50000000000000e-01,1.10000000000000e-01,4.56500000000000e-01,2.06000000000000e-01,9.90000000000000e-02,1.30000000000000e-01
4.70000000000000e-01,3.70000000000000e-01,1.30000000000000e-01,5.22500000000000e-01,2.01000000000000e-01,1.33000000000000e-01,1.65000000000000e-01
5.40000000000000e-01,4.15000000000000e-01,1.45000000000000e-01,7.40000000000000e-01,2.63500000000000e-01,1.68000000000000e-01,2.45000000000000e-01
4.15000000000000e-01,3.15000000000000e-01,1.25000000000000e-01,3.88000000000000e-01,6.80000000000000e-02,9.00000000000000e-02,1.25000000000000e-01
4.60000000000000e-01,3.55000000000000e-01,1.10000000000000e-01,4.25500000000000e-01,2.01500000000000e-01,8.10000000000000e-02,1.30000000000000e-01
5.40000000000000e-01,4.20000000000000e-01,1.55000000000000e-01,7.38500000000000e-01,3.51500000000000e-01,1.52000000000000e-01,2.15000000000000e-01
5.55000000000000e-01,4.40000000000000e-01,1.35000000000000e-01,9.02500000000000e-01,3.80500000000000e-01,2.10500000000000e-01,2.80000000000000e-01
6.40000000000000e-01,5.25000000000000e-01,1.85000000000000e-01,1.70700000000000e+00,7.63000000000000e-01,4.20500000000000e-01,4.43500000000000e-01
2.50000000000000e-01,1.85000000000000e-01,6.50000000000000e-02,6.85000000000000e-02,2.95000000000000e-02,1.40000000000000e-02,2.25000000000000e-02
4.25000000000000e-01,3.40000000000000e-01,1.20000000000000e-01,3.88000000000000e-01,1.49000000000000e-01,8.70000000000000e-02,1.25000000000000e-01
5.65000000000000e-01,4.50000000000000e-01,1.95000000000000e-01,1.00350000000000e+00,4.06000000000000e-01,2.50500000000000e-01,2.85000000000000e-01
4.35000000000000e-01,3.25000000000000e-01,1.00000000000000e-01,3.66000000000000e-01,1.74000000000000e-01,7.25000000000000e-02,1.09000000000000e-01
6.45000000000000e-01,4.80000000000000e-01,1.50000000000000e-01,1.19200000000000e+00,6.05500000000000e-01,2.59500000000000e-01,2.85000000000000e-01
5.95000000000000e-01,4.75000000000000e-01,1.55000000000000e-01,9.84000000000000e-01,4.86500000000000e-01,1.84000000000000e-01,2.75500000000000e-01
1.75000000000000e-01,1.25000000000000e-01,4.00000000000000e-02,2.80000000000000e-02,9.50000000000000e-03,8.00000000000000e-03,9.00000000000000e-03
3.70000000000000e-01,2.85000000000000e-01,9.50000000000000e-02,2.26000000000000e-01,1.13500000000000e-01,5.15000000000000e-02,6.75000000000000e-02
4.55000000000000e-01,3.45000000000000e-01,1.50000000000000e-01,5.79500000000000e-01,1.68500000000000e-01,1.25000000000000e-01,2.15000000000000e-01
5.00000000000000e-01,3.75000000000000e-01,1.45000000000000e-01,5.79500000000000e-01,2.39000000000000e-01,1.37500000000000e-01,1.85000000000000e-01
4.95000000000000e-01,3.80000000000000e-01,1.45000000000000e-01,5.15000000000000e-01,1.75000000000000e-01,9.80000000000000e-02,2.12000000000000e-01
5.00000000000000e-01,3.90000000000000e-01,1.30000000000000e-01,5.07500000000000e-01,2.11500000000000e-01,1.04000000000000e-01,1.75500000000000e-01
3.40000000000000e-01,2.65000000000000e-01,7.00000000000000e-02,1.85000000000000e-01,6.25000000000000e-02,3.95000000000000e-02,7.00000000000000e-02
5.70000000000000e-01,4.20000000000000e-01,1.60000000000000e-01,8.87500000000000e-01,4.31500000000000e-01,1.91500000000000e-01,2.23000000000000e-01
5.45000000000000e-01,4.30000000000000e-01,1.50000000000000e-01,7.28500000000000e-01,3.02000000000000e-01,1.31500000000000e-01,2.54500000000000e-01
5.55000000000000e-01,4.20000000000000e-01,1.40000000000000e-01,8.68000000000000e-01,3.30000000000000e-01,2.43000000000000e-01,2.10000000000000e-01
6.10000000000000e-01,4.70000000000000e-01,1.60000000000000e-01,1.07450000000000e+00,4.92500000000000e-01,2.36000000000000e-01,2.90000000000000e-01
4.25000000000000e-01,3.15000000000000e-01,8.00000000000000e-02,3.03000000000000e-01,1.31000000000000e-01,5.85000000000000e-02,9.50000000000000e-02
3.35000000000000e-01,2.65000000000000e-01,1.05000000000000e-01,2.22000000000000e-01,9.35000000000000e-02,5.60000000000000e-02,7.50000000000000e-02
6.30000000000000e-01,4.85000000000000e-01,1.75000000000000e-01,1.30000000000000e+00,4.33500000000000e-01,2.94500000000000e-01,4.60000000000000e-01
2.30000000000000e-01,1.70000000000000e-01,5.00000000000000e-02,5.70000000000000e-02,2.60000000000000e-02,1.30000000000000e-02,1.60000000000000e-02
5.35000000000000e-01,4.15000000000000e-01,1.50000000000000e-01,5.76500000000000e-01,3.59500000000000e-01,1.35000000000000e-01,2.25000000000000e-01
2.50000000000000e-01,1.80000000000000e-01,6.00000000000000e-02,7.30000000000000e-02,2.80000000000000e-02,1.70000000000000e-02,2.25000000000000e-02
5.85000000000000e-01,4.60000000000000e-01,1.50000000000000e-01,1.20600000000000e+00,5.81000000000000e-01,2.16000000000000e-01,3.23000000000000e-01
6.45000000000000e-01,5.10000000000000e-01,1.55000000000000e-01,1.12900000000000e+00,5.01500000000000e-01,2.40000000000000e-01,3.42000000000000e-01
5.10000000000000e-01,3.90000000000000e-01,1.35000000000000e-01,6.33500000000000e-01,2.31000000000000e-01,1.79000000000000e-01,2.00000000000000e-01
2.40000000000000e-01,1.70000000000000e-01,5.00000000000000e-02,5.45000000000000e-02,2.05000000000000e-02,1.60000000000000e-02,1.55000000000000e-02
4.40000000000000e-01,3.40000000000000e-01,1.00000000000000e-01,3.79000000000000e-01,1.72500000000000e-01,8.15000000000000e-02,1.01000000000000e-01
4.65000000000000e-01,3.60000000000000e-01,1.05000000000000e-01,4.98000000000000e-01,2.14000000000000e-01,1.16000000000000e-01,1.40000000000000e-01
4.40000000000000e-01,3.35000000000000e-01,1.15000000000000e-01,4.21500000000000e-01,1.73000000000000e-01,7.65000000000000e-02,1.13000000000000e-01
3.85000000000000e-01,2.90000000000000e-01,8.50000000000000e-02,2.50500000000000e-01,1.12000000000000e-01,6.10000000000000e-02,8.00000000000000e-02
5.65000000000000e-01,4.50000000000000e-01,1.15000000000000e-01,9.08500000000000e-01,3.98000000000000e-01,1.97000000000000e-01,2.90000000000000e-01
5.45000000000000e-01,4.40000000000000e-01,1.35000000000000e-01,9.18500000000000e-01,4.29000000000000e-01,2.01500000000000e-01,2.37500000000000e-01
4.40000000000000e-01,3.55000000000000e-01,1.25000000000000e-01,4.77500000000000e-01,1.32000000000000e-01,8.15000000000000e-02,1.90000000000000e-01
7.15000000000000e-01,5.25000000000000e-01,2.00000000000000e-01,1.89000000000000e+00,9.50000000000000e-01,4.36000000000000e-01,4.30500000000000e-01
4.35000000000000e-01,3.15000000000000e-01,1.10000000000000e-01,3.68500000000000e-01,1.61500000000000e-01,7.15000000000000e-02,1.20000000000000e-01
3.30000000000000e-01,2.50000000000000e-01,1.05000000000000e-01,1.71500000000000e-01,6.55000000000000e-02,3.50000000000000e-02,6.00000000000000e-02
5.55000000000000e-01,4.25000000000000e-01,1.40000000000000e-01,7.88000000000000e-01,2.82000000000000e-01,1.59500000000000e-01,2.85000000000000e-01
6.15000000000000e-01,4.95000000000000e-01,1.65000000000000e-01,1.19800000000000e+00,5.41500000000000e-01,2.86500000000000e-01,3.18500000000000e-01
5.70000000000000e-01,4.30000000000000e-01,1.60000000000000e-01,8.11000000000000e-01,3.87500000000000e-01,1.59000000000000e-01,2.28500000000000e-01
3.35000000000000e-01,2.50000000000000e-01,9.50000000000000e-02,1.85000000000000e-01,7.95000000000000e-02,4.95000000000000e-02,5.50000000000000e-02
5.50000000000000e-01,4.15000000000000e-01,1.35000000000000e-01,7.63500000000000e-01,3.18000000000000e-01,2.10000000000000e-01,2.00000000000000e-01
5.25000000000000e-01,4.25000000000000e-01,1.45000000000000e-01,7.99500000000000e-01,3.34500000000000e-01,2.09000000000000e-01,2.40000000000000e-01
6.85000000000000e-01,5.35000000000000e-01,1.55000000000000e-01,1.38450000000000e+00,6.61500000000000e-01,2.14500000000000e-01,4.07500000000000e-01
5.75000000000000e-01,4.75000000000000e-01,1.45000000000000e-01,8.57000000000000e-01,3.66500000000000e-01,1.73000000000000e-01,2.69000000000000e-01
1.90000000000000e-01,1.40000000000000e-01,3.00000000000000e-02,3.15000000000000e-02,1.25000000000000e-02,5.00000000000000e-03,1.05000000000000e-02
5.75000000000000e-01,4.70000000000000e-01,1.40000000000000e-01,8.37500000000000e-01,3.48500000000000e-01,1.73500000000000e-01,2.40000000000000e-01
2.60000000000000e-01,1.90000000000000e-01,7.50000000000000e-02,9.45000000000000e-02,4.45000000000000e-02,2.00000000000000e-02,3.00000000000000e-02
3.85000000000000e-01,3.00000000000000e-01,9.50000000000000e-02,2.40000000000000e-01,8.85000000000000e-02,5.90000000000000e-02,8.50000000000000e-02
3.40000000000000e-01,2.65000000000000e-01,8.00000000000000e-02,2.01500000000000e-01,9.00000000000000e-02,4.75000000000000e-02,5.50000000000000e-02
5.35000000000000e-01,4.50000000000000e-01,1.35000000000000e-01,8.07500000000000e-01,3.22000000000000e-01,1.81000000000000e-01,2.50000000000000e-01
2.45000000000000e-01,1.90000000000000e-01,6.00000000000000e-02,8.60000000000000e-02,4.20000000000000e-02,1.40000000000000e-02,2.50000000000000e-02
4.75000000000000e-01,3.50000000000000e-01,1.15000000000000e-01,4.52000000000000e-01,1.71500000000000e-01,9.20000000000000e-02,1.55000000000000e-01
4.80000000000000e-01,3.75000000000000e-01,1.05000000000000e-01,5.25000000000000e-01,2.18500000000000e-01,1.19500000000000e-01,1.55000000000000e-01
6.25000000000000e-01,4.90000000000000e-01,2.00000000000000e-01,1.38250000000000e+00,5.89500000000000e-01,2.85000000000000e-01,3.81000000000000e-01
5.60000000000000e-01,4.10000000000000e-01,1.60000000000000e-01,8.21500000000000e-01,3.42000000000000e-01,1.84000000000000e-01,2.53000000000000e-01
4.50000000000000e-01,3.60000000000000e-01,1.25000000000000e-01,5.06500000000000e-01,2.22000000000000e-01,1.05000000000000e-01,1.60000000000000e-01
4.30000000000000e-01,3.40000000000000e-01,1.20000000000000e-01,3.91000000000000e-01,1.55500000000000e-01,9.50000000000000e-02,1.40500000000000e-01
7.05000000000000e-01,5.35000000000000e-01,2.20000000000000e-01,1.86600000000000e+00,9.29000000000000e-01,3.83500000000000e-01,4.39500000000000e-01
5.85000000000000e-01,4.55000000000000e-01,1.70000000000000e-01,9.94500000000000e-01,4.25500000000000e-01,2.63000000000000e-01,2.84500000000000e-01
5.75000000000000e-01,4.70000000000000e-01,1.50000000000000e-01,1.14150000000000e+00,4.51500000000000e-01,2.04000000000000e-01,4.00000000000000e-01
4.40000000000000e-01,3.25000000000000e-01,1.10000000000000e-01,4.96500000000000e-01,2.58000000000000e-01,1.19500000000000e-01,1.07500000000000e-01
6.35000000000000e-01,5.00000000000000e-01,1.50000000000000e-01,1.37600000000000e+00,6.49500000000000e-01,3.61000000000000e-01,3.10000000000000e-01
6.45000000000000e-01,5.00000000000000e-01,1.70000000000000e-01,1.18450000000000e+00,4.80500000000000e-01,2.74000000000000e-01,3.55000000000000e-01
6.40000000000000e-01,5.20000000000000e-01,1.75000000000000e-01,1.24800000000000e+00,4.24500000000000e-01,2.59500000000000e-01,4.80000000000000e-01
6.50000000000000e-01,5.15000000000000e-01,1.95000000000000e-01,1.40050000000000e+00,5.19500000000000e-01,3.60000000000000e-01,4.40000000000000e-01
6.10000000000000e-01,4.80000000000000e-01,1.75000000000000e-01,1.06750000000000e+00,3.91000000000000e-01,2.16000000000000e-01,4.20000000000000e-01
5.45000000000000e-01,3.75000000000000e-01,1.20000000000000e-01,5.43000000000000e-01,2.37500000000000e-01,1.15500000000000e-01,1.72500000000000e-01
5.75000000000000e-01,4.60000000000000e-01,1.65000000000000e-01,1.12400000000000e+00,2.98500000000000e-01,1.78500000000000e-01,4.40000000000000e-01
6.45000000000000e-01,5.10000000000000e-01,1.90000000000000e-01,1.48650000000000e+00,6.44500000000000e-01,2.96000000000000e-01,4.25000000000000e-01
5.50000000000000e-01,4.25000000000000e-01,1.35000000000000e-01,6.56000000000000e-01,2.57000000000000e-01,1.70000000000000e-01,2.03000000000000e-01
6.50000000000000e-01,4.95000000000000e-01,1.70000000000000e-01,1.27600000000000e+00,6.21500000000000e-01,2.30500000000000e-01,3.99000000000000e-01
6.00000000000000e-01,4.70000000000000e-01,1.65000000000000e-01,1.05900000000000e+00,5.04000000000000e-01,2.41000000000000e-01,2.75000000000000e-01
5.95000000000000e-01,4.60000000000000e-01,1.70000000000000e-01,1.12950000000000e+00,5.70000000000000e-01,2.55500000000000e-01,2.65000000000000e-01
3.35000000000000e-01,2.60000000000000e-01,9.00000000000000e-02,1.83500000000000e-01,7.80000000000000e-02,2.40000000000000e-02,6.50000000000000e-02
5.80000000000000e-01,4.45000000000000e-01,1.35000000000000e-01,8.14000000000000e-01,3.77500000000000e-01,1.91500000000000e-01,2.20000000000000e-01
5.15000000000000e-01,4.00000000000000e-01,1.40000000000000e-01,7.16500000000000e-01,3.49500000000000e-01,1.59500000000000e-01,1.78500000000000e-01
5.35000000000000e-01,4.50000000000000e-01,1.35000000000000e-01,7.28000000000000e-01,2.84500000000000e-01,1.84500000000000e-01,2.65000000000000e-01
5.50000000000000e-01,4.35000000000000e-01,1.45000000000000e-01,8.43000000000000e-01,3.28000000000000e-01,1.91500000000000e-01,2.55000000000000e-01
3.30000000000000e-01,2.30000000000000e-01,8.50000000000000e-02,1.69500000000000e-01,7.90000000000000e-02,2.60000000000000e-02,5.05000000000000e-02
5.15000000000000e-01,4.00000000000000e-01,1.60000000000000e-01,8.17500000000000e-01,2.51500000000000e-01,1.56000000000000e-01,3.00000000000000e-01
6.00000000000000e-01,4.80000000000000e-01,1.50000000000000e-01,1.02900000000000e+00,4.08500000000000e-01,2.70500000000000e-01,2.95000000000000e-01
4.55000000000000e-01,3.40000000000000e-01,1.35000000000000e-01,4.62000000000000e-01,1.67500000000000e-01,1.58000000000000e-01,1.20000000000000e-01
5.90000000000000e-01,4.55000000000000e-01,1.75000000000000e-01,9.66000000000000e-01,3.91000000000000e-01,2.45500000000000e-01,3.10000000000000e-01
5.50000000000000e-01,4.10000000000000e-01,1.25000000000000e-01,7.60500000000000e-01,2.50500000000000e-01,1.63500000000000e-01,1.95000000000000e-01
6.80000000000000e-01,5.40000000000000e-01,1.90000000000000e-01,1.62300000000000e+00,7.16500000000000e-01,3.54000000000000e-01,4.71500000000000e-01
5.85000000000000e-01,4.50000000000000e-01,1.60000000000000e-01,1.07700000000000e+00,4.99500000000000e-01,2.87500000000000e-01,2.50000000000000e-01
4.70000000000000e-01,3.60000000000000e-01,1.30000000000000e-01,4.72000000000000e-01,1.82000000000000e-01,1.14000000000000e-01,1.50000000000000e-01
5.75000000000000e-01,4.50000000000000e-01,1.30000000000000e-01,8.14500000000000e-01,4.03000000000000e-01,1.71500000000000e-01,2.13000000000000e-01
6.70000000000000e-01,5.05000000000000e-01,1.75000000000000e-01,1.01450000000000e+00,4.37500000000000e-01,2.71000000000000e-01,3.74500000000000e-01
5.45000000000000e-01,4.10000000000000e-01,1.15000000000000e-01,6.76500000000000e-01,2.90000000000000e-01,1.58000000000000e-01,2.20000000000000e-01
5.80000000000000e-01,4.25000000000000e-01,1.50000000000000e-01,8.44000000000000e-01,3.64500000000000e-01,1.85000000000000e-01,2.70500000000000e-01
6.55000000000000e-01,5.40000000000000e-01,1.75000000000000e-01,1.55850000000000e+00,7.28500000000000e-01,4.02000000000000e-01,3.85000000000000e-01
6.95000000000000e-01,5.30000000000000e-01,1.50000000000000e-01,1.47700000000000e+00,6.37500000000000e-01,3.02500000000000e-01,4.30000000000000e-01
5.30000000000000e-01,4.20000000000000e-01,1.30000000000000e-01,1.00100000000000e+00,3.40000000000000e-01,2.26000000000000e-01,2.65000000000000e-01
6.75000000000000e-01,5.05000000000000e-01,1.60000000000000e-01,1.53200000000000e+00,7.40000000000000e-01,3.57000000000000e-01,3.81500000000000e-01
4.85000000000000e-01,3.60000000000000e-01,1.20000000000000e-01,5.15500000000000e-01,2.46500000000000e-01,1.02500000000000e-01,1.47000000000000e-01
6.70000000000000e-01,5.25000000000000e-01,2.00000000000000e-01,1.74050000000000e+00,6.20500000000000e-01,2.97000000000000e-01,6.57000000000000e-01
5.30000000000000e-01,4.20000000000000e-01,1.35000000000000e-01,6.75000000000000e-01,2.94000000000000e-01,1.56000000000000e-01,1.82500000000000e-01
4.45000000000000e-01,3.55000000000000e-01,1.50000000000000e-01,4.85000000000000e-01,1.81000000000000e-01,1.25000000000000e-01,1.55000000000000e-01
3.80000000000000e-01,3.25000000000000e-01,1.10000000000000e-01,3.10500000000000e-01,1.20000000000000e-01,7.40000000000000e-02,1.05000000000000e-01
4.55000000000000e-01,3.75000000000000e-01,1.25000000000000e-01,4.58000000000000e-01,1.98500000000000e-01,1.11000000000000e-01,1.20000000000000e-01
5.80000000000000e-01,4.50000000000000e-01,1.60000000000000e-01,8.67500000000000e-01,3.93500000000000e-01,2.21000000000000e-01,2.15000000000000e-01
5.90000000000000e-01,4.40000000000000e-01,1.40000000000000e-01,1.00700000000000e+00,4.77500000000000e-01,2.10500000000000e-01,2.92500000000000e-01
2.75000000000000e-01,2.05000000000000e-01,6.50000000000000e-02,1.01000000000000e-01,4.10000000000000e-02,2.10000000000000e-02,3.40000000000000e-02
6.10000000000000e-01,4.80000000000000e-01,1.50000000000000e-01,1.20000000000000e+00,5.60000000000000e-01,2.45500000000000e-01,2.80000000000000e-01
3.85000000000000e-01,2.90000000000000e-01,1.00000000000000e-01,2.57500000000000e-01,1.00000000000000e-01,6.10000000000000e-02,8.60000000000000e-02
6.10000000000000e-01,4.80000000000000e-01,1.85000000000000e-01,1.30650000000000e+00,6.89500000000000e-01,2.91500000000000e-01,2.90000000000000e-01
3.45000000000000e-01,2.70000000000000e-01,9.00000000000000e-02,1.95000000000000e-01,7.80000000000000e-02,4.55000000000000e-02,5.90000000000000e-02
2.85000000000000e-01,2.15000000000000e-01,7.50000000000000e-02,1.06000000000000e-01,4.15000000000000e-02,2.30000000000000e-02,3.50000000000000e-02
6.35000000000000e-01,5.05000000000000e-01,1.65000000000000e-01,1.25100000000000e+00,5.77000000000000e-01,2.27000000000000e-01,3.82500000000000e-01
3.70000000000000e-01,2.75000000000000e-01,8.00000000000000e-02,2.27000000000000e-01,9.30000000000000e-02,6.25000000000000e-02,7.00000000000000e-02
6.95000000000000e-01,5.50000000000000e-01,1.55000000000000e-01,1.84950000000000e+00,7.67000000000000e-01,4.42000000000000e-01,4.17500000000000e-01
3.60000000000000e-01,2.65000000000000e-01,9.50000000000000e-02,2.31500000000000e-01,1.05000000000000e-01,4.60000000000000e-02,7.50000000000000e-02
4.25000000000000e-01,3.10000000000000e-01,9.50000000000000e-02,3.50500000000000e-01,1.64500000000000e-01,7.10000000000000e-02,1.00000000000000e-01
7.10000000000000e-01,5.50000000000000e-01,2.00000000000000e-01,1.90450000000000e+00,8.82000000000000e-01,4.40000000000000e-01,5.00000000000000e-01
5.20000000000000e-01,4.00000000000000e-01,1.30000000000000e-01,5.82500000000000e-01,2.33000000000000e-01,1.36500000000000e-01,1.80000000000000e-01
4.00000000000000e-01,2.90000000000000e-01,1.10000000000000e-01,3.29000000000000e-01,1.88000000000000e-01,4.55000000000000e-02,8.25000000000000e-02
4.15000000000000e-01,3.25000000000000e-01,1.40000000000000e-01,4.17000000000000e-01,1.53500000000000e-01,1.01500000000000e-01,1.44000000000000e-01
6.15000000000000e-01,4.70000000000000e-01,1.65000000000000e-01,1.12800000000000e+00,4.46500000000000e-01,2.19500000000000e-01,3.40000000000000e-01
2.95000000000000e-01,2.15000000000000e-01,8.50000000000000e-02,1.28000000000000e-01,4.90000000000000e-02,3.40000000000000e-02,4.00000000000000e-02
6.50000000000000e-01,5.45000000000000e-01,1.60000000000000e-01,1.24250000000000e+00,4.87000000000000e-01,2.96000000000000e-01,4.80000000000000e-01
5.30000000000000e-01,4.10000000000000e-01,1.45000000000000e-01,8.25500000000000e-01,3.75000000000000e-01,2.04000000000000e-01,2.45000000000000e-01
5.35000000000000e-01,4.25000000000000e-01,1.55000000000000e-01,7.76500000000000e-01,3.02000000000000e-01,1.56500000000000e-01,2.50000000000000e-01
6.00000000000000e-01,4.75000000000000e-01,1.75000000000000e-01,1.11000000000000e+00,5.10500000000000e-01,2.56000000000000e-01,2.85000000000000e-01
5.20000000000000e-01,3.80000000000000e-01,1.30000000000000e-01,5.34500000000000e-01,2.37500000000000e-01,1.22000000000000e-01,1.53500000000000e-01
6.60000000000000e-01,5.30000000000000e-01,1.85000000000000e-01,1.34600000000000e+00,5.46000000000000e-01,2.70500000000000e-01,4.76000000000000e-01
5.50000000000000e-01,4.05000000000000e-01,1.50000000000000e-01,9.23500000000000e-01,4.12000000000000e-01,2.13500000000000e-01,2.40000000000000e-01
5.35000000000000e-01,4.45000000000000e-01,1.25000000000000e-01,8.72500000000000e-01,4.17000000000000e-01,1.99000000000000e-01,2.40000000000000e-01
4.95000000000000e-01,3.70000000000000e-01,1.25000000000000e-01,4.71500000000000e-01,2.07500000000000e-01,9.10000000000000e-02,1.50000000000000e-01
6.35000000000000e-01,5.00000000000000e-01,1.70000000000000e-01,1.43450000000000e+00,6.11000000000000e-01,3.09000000000000e-01,4.18000000000000e-01
4.65000000000000e-01,3.50000000000000e-01,1.15000000000000e-01,4.21000000000000e-01,1.56500000000000e-01,9.10000000000000e-02,1.34500000000000e-01
6.10000000000000e-01,4.75000000000000e-01,1.60000000000000e-01,1.11550000000000e+00,3.83500000000000e-01,2.23000000000000e-01,3.79000000000000e-01
6.00000000000000e-01,4.60000000000000e-01,1.55000000000000e-01,9.73500000000000e-01,4.27000000000000e-01,2.04500000000000e-01,3.00000000000000e-01
6.80000000000000e-01,5.20000000000000e-01,1.95000000000000e-01,1.45350000000000e+00,5.92000000000000e-01,3.91000000000000e-01,4.12500000000000e-01
4.70000000000000e-01,3.65000000000000e-01,1.35000000000000e-01,5.22000000000000e-01,2.39500000000000e-01,1.52500000000000e-01,1.45000000000000e-01
5.30000000000000e-01,4.05000000000000e-01,1.30000000000000e-01,6.35500000000000e-01,2.63500000000000e-01,1.56500000000000e-01,1.85000000000000e-01
3.90000000000000e-01,2.80000000000000e-01,9.00000000000000e-02,2.15000000000000e-01,8.45000000000000e-02,3.40000000000000e-02,7.90000000000000e-02
4.45000000000000e-01,3.40000000000000e-01,1.20000000000000e-01,4.47500000000000e-01,1.93000000000000e-01,1.03500000000000e-01,1.30000000000000e-01
5.55000000000000e-01,4.35000000000000e-01,1.65000000000000e-01,9.70000000000000e-01,3.36000000000000e-01,2.31500000000000e-01,2.95000000000000e-01
6.05000000000000e-01,4.95000000000000e-01,1.45000000000000e-01,1.05400000000000e+00,3.69000000000000e-01,2.25500000000000e-01,3.60000000000000e-01
4.45000000000000e-01,3.45000000000000e-01,1.30000000000000e-01,4.07500000000000e-01,1.36500000000000e-01,6.45000000000000e-02,1.80000000000000e-01
4.35000000000000e-01,3.40000000000000e-01,1.10000000000000e-01,4.07000000000000e-01,1.68500000000000e-01,7.30000000000000e-02,1.30000000000000e-01
5.15000000000000e-01,3.80000000000000e-01,1.35000000000000e-01,6.61500000000000e-01,2.87500000000000e-01,2.09500000000000e-01,1.55000000000000e-01
5.60000000000000e-01,4.60000000000000e-01,2.35000000000000e-01,8.39500000000000e-01,3.32500000000000e-01,1.57000000000000e-01,3.05000000000000e-01
6.50000000000000e-01,5.65000000000000e-01,2.00000000000000e-01,1.66450000000000e+00,7.53000000000000e-01,3.67000000000000e-01,4.30000000000000e-01
5.65000000000000e-01,4.35000000000000e-01,1.85000000000000e-01,9.81500000000000e-01,3.29000000000000e-01,1.36000000000000e-01,3.90000000000000e-01
4.90000000000000e-01,4.20000000000000e-01,1.25000000000000e-01,6.09000000000000e-01,2.39000000000000e-01,1.43500000000000e-01,2.20000000000000e-01
4.15000000000000e-01,3.05000000000000e-01,1.00000000000000e-01,3.25000000000000e-01,1.56000000000000e-01,5.05000000000000e-02,9.10000000000000e-02
6.20000000000000e-01,4.80000000000000e-01,1.75000000000000e-01,1.04050000000000e+00,4.64000000000000e-01,2.22500000000000e-01,3.00000000000000e-01
7.05000000000000e-01,5.65000000000000e-01,5.15000000000000e-01,2.21000000000000e+00,1.10750000000000e+00,4.86500000000000e-01,5.12000000000000e-01
3.60000000000000e-01,2.70000000000000e-01,9.00000000000000e-02,1.88500000000000e-01,8.45000000000000e-02,3.85000000000000e-02,5.50000000000000e-02
4.00000000000000e-01,3.00000000000000e-01,1.15000000000000e-01,3.02500000000000e-01,1.33500000000000e-01,4.65000000000000e-02,9.35000000000000e-02
4.60000000000000e-01,3.70000000000000e-01,1.20000000000000e-01,5.33500000000000e-01,2.64500000000000e-01,1.08000000000000e-01,1.34500000000000e-01
5.05000000000000e-01,3.90000000000000e-01,1.75000000000000e-01,6.92000000000000e-01,2.67000000000000e-01,1.50000000000000e-01,2.15000000000000e-01
5.45000000000000e-01,4.10000000000000e-01,1.40000000000000e-01,7.40500000000000e-01,3.56500000000000e-01,1.77500000000000e-01,2.03000000000000e-01
5.30000000000000e-01,4.10000000000000e-01,1.25000000000000e-01,7.69000000000000e-01,3.46000000000000e-01,1.73000000000000e-01,2.15000000000000e-01
5.15000000000000e-01,4.25000000000000e-01,1.35000000000000e-01,7.12000000000000e-01,2.66500000000000e-01,1.60500000000000e-01,2.50000000000000e-01
5.15000000000000e-01,4.00000000000000e-01,1.25000000000000e-01,5.92500000000000e-01,2.65000000000000e-01,1.17500000000000e-01,1.68000000000000e-01
5.50000000000000e-01,4.50000000000000e-01,1.50000000000000e-01,8.75000000000000e-01,3.62000000000000e-01,1.75500000000000e-01,2.76500000000000e-01
6.30000000000000e-01,4.55000000000000e-01,1.50000000000000e-01,1.13150000000000e+00,4.81000000000000e-01,2.74500000000000e-01,3.05000000000000e-01
5.70000000000000e-01,4.40000000000000e-01,1.55000000000000e-01,1.11600000000000e+00,4.77500000000000e-01,2.31500000000000e-01,2.70000000000000e-01
4.55000000000000e-01,3.65000000000000e-01,9.50000000000000e-02,5.14000000000000e-01,2.24500000000000e-01,1.01000000000000e-01,1.50000000000000e-01
6.75000000000000e-01,5.65000000000000e-01,1.95000000000000e-01,1.83750000000000e+00,7.64500000000000e-01,3.61500000000000e-01,5.53000000000000e-01
5.65000000000000e-01,4.30000000000000e-01,1.25000000000000e-01,6.54500000000000e-01,2.81500000000000e-01,1.39000000000000e-01,2.10000000000000e-01
5.55000000000000e-01,4.05000000000000e-01,1.20000000000000e-01,9.13000000000000e-01,4.58500000000000e-01,1.96000000000000e-01,2.06500000000000e-01
3.75000000000000e-01,3.05000000000000e-01,1.15000000000000e-01,2.71500000000000e-01,9.20000000000000e-02,7.40000000000000e-02,9.00000000000000e-02
5.40000000000000e-01,4.30000000000000e-01,1.40000000000000e-01,8.19500000000000e-01,3.93500000000000e-01,1.72500000000000e-01,2.29500000000000e-01
5.05000000000000e-01,3.85000000000000e-01,1.50000000000000e-01,6.41500000000000e-01,2.46000000000000e-01,1.52000000000000e-01,2.15000000000000e-01
5.30000000000000e-01,4.35000000000000e-01,1.60000000000000e-01,8.83000000000000e-01,3.16000000000000e-01,1.64000000000000e-01,3.35000000000000e-01
6.20000000000000e-01,4.85000000000000e-01,2.20000000000000e-01,1.51100000000000e+00,5.09500000000000e-01,2.84000000000000e-01,5.10000000000000e-01
5.70000000000000e-01,4.45000000000000e-01,1.50000000000000e-01,9.95000000000000e-01,5.04000000000000e-01,1.85000000000000e-01,2.50500000000000e-01
4.95000000000000e-01,3.95000000000000e-01,1.20000000000000e-01,5.53000000000000e-01,2.24000000000000e-01,1.37500000000000e-01,1.67000000000000e-01
5.80000000000000e-01,4.60000000000000e-01,1.40000000000000e-01,8.29500000000000e-01,3.91500000000000e-01,1.65000000000000e-01,2.38000000000000e-01
7.20000000000000e-01,5.65000000000000e-01,1.90000000000000e-01,2.08100000000000e+00,1.08150000000000e+00,4.30500000000000e-01,5.03000000000000e-01
5.30000000000000e-01,4.10000000000000e-01,1.65000000000000e-01,7.32000000000000e-01,1.89000000000000e-01,1.70000000000000e-01,3.10000000000000e-01
5.70000000000000e-01,4.50000000000000e-01,1.55000000000000e-01,9.10000000000000e-01,3.26000000000000e-01,1.89500000000000e-01,3.55000000000000e-01
5.35000000000000e-01,4.20000000000000e-01,1.50000000000000e-01,6.99500000000000e-01,2.57500000000000e-01,1.53000000000000e-01,2.40000000000000e-01
4.75000000000000e-01,3.60000000000000e-01,1.25000000000000e-01,4.47000000000000e-01,1.69500000000000e-01,8.10000000000000e-02,1.40000000000000e-01
7.25000000000000e-01,5.75000000000000e-01,1.75000000000000e-01,2.12400000000000e+00,7.65000000000000e-01,4.51500000000000e-01,8.50000000000000e-01
7.00000000000000e-01,5.50000000000000e-01,2.00000000000000e-01,1.52300000000000e+00,6.93000000000000e-01,3.06000000000000e-01,4.40500000000000e-01
6.35000000000000e-01,5.00000000000000e-01,1.80000000000000e-01,1.25650000000000e+00,5.39000000000000e-01,2.92000000000000e-01,3.50000000000000e-01
6.55000000000000e-01,5.40000000000000e-01,2.15000000000000e-01,1.55550000000000e+00,6.95000000000000e-01,2.96000000000000e-01,4.44000000000000e-01
3.45000000000000e-01,2.65000000000000e-01,1.00000000000000e-01,2.45500000000000e-01,1.11000000000000e-01,5.35000000000000e-02,6.50000000000000e-02
5.20000000000000e-01,4.10000000000000e-01,1.55000000000000e-01,7.27000000000000e-01,2.91000000000000e-01,1.83500000000000e-01,2.35000000000000e-01
6.30000000000000e-01,4.75000000000000e-01,1.55000000000000e-01,1.00050000000000e+00,4.52000000000000e-01,2.52000000000000e-01,2.65000000000000e-01
5.65000000000000e-01,4.35000000000000e-01,1.45000000000000e-01,8.44500000000000e-01,3.97500000000000e-01,1.58000000000000e-01,2.55000000000000e-01
5.90000000000000e-01,4.35000000000000e-01,1.65000000000000e-01,9.76500000000000e-01,4.52500000000000e-01,2.39500000000000e-01,2.35000000000000e-01
3.45000000000000e-01,2.70000000000000e-01,1.10000000000000e-01,2.13500000000000e-01,8.20000000000000e-02,5.45000000000000e-02,7.00000000000000e-02
4.75000000000000e-01,3.60000000000000e-01,1.00000000000000e-01,4.28500000000000e-01,1.96500000000000e-01,9.90000000000000e-02,1.12000000000000e-01
4.20000000000000e-01,3.10000000000000e-01,1.00000000000000e-01,2.80500000000000e-01,1.12500000000000e-01,6.15000000000000e-02,9.25000000000000e-02
5.20000000000000e-01,4.00000000000000e-01,1.25000000000000e-01,5.59000000000000e-01,2.54000000000000e-01,1.39000000000000e-01,1.49000000000000e-01
5.05000000000000e-01,3.75000000000000e-01,1.80000000000000e-01,5.68000000000000e-01,2.32500000000000e-01,1.49500000000000e-01,1.70000000000000e-01
5.05000000000000e-01,3.85000000000000e-01,1.15000000000000e-01,6.16000000000000e-01,2.43000000000000e-01,1.07500000000000e-01,2.10000000000000e-01
6.30000000000000e-01,5.30000000000000e-01,1.80000000000000e-01,1.27950000000000e+00,6.18000000000000e-01,2.56000000000000e-01,3.15000000000000e-01
5.70000000000000e-01,4.55000000000000e-01,1.50000000000000e-01,9.60000000000000e-01,3.87000000000000e-01,2.38500000000000e-01,2.75000000000000e-01
5.15000000000000e-01,3.85000000000000e-01,1.30000000000000e-01,6.23000000000000e-01,2.85500000000000e-01,1.28500000000000e-01,1.75000000000000e-01
4.55000000000000e-01,3.50000000000000e-01,1.05000000000000e-01,4.01000000000000e-01,1.57500000000000e-01,8.30000000000000e-02,1.35000000000000e-01
6.60000000000000e-01,5.10000000000000e-01,1.65000000000000e-01,1.63750000000000e+00,7.68500000000000e-01,3.54500000000000e-01,3.92500000000000e-01
6.70000000000000e-01,5.40000000000000e-01,2.00000000000000e-01,1.46000000000000e+00,6.43500000000000e-01,3.28000000000000e-01,4.16500000000000e-01
5.10000000000000e-01,3.90000000000000e-01,1.25000000000000e-01,5.97000000000000e-01,2.93000000000000e-01,1.26500000000000e-01,1.55500000000000e-01
5.65000000000000e-01,4.40000000000000e-01,1.55000000000000e-01,8.68000000000000e-01,3.48000000000000e-01,2.17000000000000e-01,2.60000000000000e-01
5.05000000000000e-01,3.75000000000000e-01,1.15000000000000e-01,5.89500000000000e-01,2.63500000000000e-01,1.20000000000000e-01,1.67000000000000e-01
4.50000000000000e-01,3.50000000000000e-01,1.30000000000000e-01,5.47000000000000e-01,2.45000000000000e-01,1.40500000000000e-01,1.40500000000000e-01
6.75000000000000e-01,5.10000000000000e-01,1.95000000000000e-01,1.38200000000000e+00,6.04500000000000e-01,3.17500000000000e-01,3.96500000000000e-01
2.65000000000000e-01,1.95000000000000e-01,6.00000000000000e-02,9.20000000000000e-02,3.45000000000000e-02,2.50000000000000e-02,2.45000000000000e-02
6.30000000000000e-01,5.00000000000000e-01,1.55000000000000e-01,1.00500000000000e+00,3.67000000000000e-01,1.99000000000000e-01,3.60000000000000e-01
6.00000000000000e-01,4.75000000000000e-01,2.30000000000000e-01,1.15700000000000e+00,5.22000000000000e-01,2.23500000000000e-01,3.60000000000000e-01
6.25000000000000e-01,4.85000000000000e-01,1.50000000000000e-01,1.04400000000000e+00,4.38000000000000e-01,2.86500000000000e-01,2.78000000000000e-01
2.85000000000000e-01,2.10000000000000e-01,7.00000000000000e-02,1.09000000000000e-01,4.40000000000000e-02,2.65000000000000e-02,3.30000000000000e-02
5.85000000000000e-01,4.70000000000000e-01,1.65000000000000e-01,1.40900000000000e+00,8.00000000000000e-01,2.29000000000000e-01,2.95000000000000e-01
3.75000000000000e-01,2.90000000000000e-01,1.15000000000000e-01,2.70500000000000e-01,9.30000000000000e-02,6.60000000000000e-02,8.85000000000000e-02
5.55000000000000e-01,4.35000000000000e-01,1.45000000000000e-01,9.68500000000000e-01,4.98500000000000e-01,1.68000000000000e-01,2.38500000000000e-01
5.80000000000000e-01,4.45000000000000e-01,1.50000000000000e-01,8.58000000000000e-01,4.00000000000000e-01,1.56000000000000e-01,2.53000000000000e-01
3.70000000000000e-01,2.75000000000000e-01,1.00000000000000e-01,2.29500000000000e-01,8.85000000000000e-02,4.65000000000000e-02,7.00000000000000e-02
5.15000000000000e-01,3.95000000000000e-01,1.20000000000000e-01,6.46000000000000e-01,2.85000000000000e-01,1.36500000000000e-01,1.72000000000000e-01
2.65000000000000e-01,2.05000000000000e-01,7.00000000000000e-02,1.05500000000000e-01,3.90000000000000e-02,4.10000000000000e-02,3.50000000000000e-02
6.15000000000000e-01,5.05000000000000e-01,1.90000000000000e-01,1.40300000000000e+00,6.71500000000000e-01,2.92500000000000e-01,3.65000000000000e-01
5.35000000000000e-01,4.25000000000000e-01,1.35000000000000e-01,7.71000000000000e-01,3.76500000000000e-01,1.81500000000000e-01,1.79500000000000e-01
3.50000000000000e-01,2.60000000000000e-01,9.00000000000000e-02,1.95000000000000e-01,7.45000000000000e-02,4.10000000000000e-02,6.55000000000000e-02
5.35000000000000e-01,4.20000000000000e-01,1.30000000000000e-01,8.05500000000000e-01,3.01000000000000e-01,1.81000000000000e-01,2.80000000000000e-01
4.85000000000000e-01,3.65000000000000e-01,9.00000000000000e-02,6.51000000000000e-01,3.16500000000000e-01,1.32000000000000e-01,1.80000000000000e-01
6.10000000000000e-01,4.90000000000000e-01,1.50000000000000e-01,1.10300000000000e+00,4.25000000000000e-01,2.02500000000000e-01,3.60000000000000e-01
5.00000000000000e-01,3.75000000000000e-01,1.45000000000000e-01,6.21500000000000e-01,2.74000000000000e-01,1.66000000000000e-01,1.48500000000000e-01
4.25000000000000e-01,3.30000000000000e-01,1.30000000000000e-01,4.40500000000000e-01,1.52000000000000e-01,9.35000000000000e-02,1.55000000000000e-01
4.65000000000000e-01,4.05000000000000e-01,1.35000000000000e-01,7.77500000000000e-01,4.36000000000000e-01,1.71500000000000e-01,1.45500000000000e-01
6.20000000000000e-01,4.85000000000000e-01,1.55000000000000e-01,1.04900000000000e+00,4.62000000000000e-01,2.31000000000000e-01,2.50000000000000e-01
5.80000000000000e-01,4.60000000000000e-01,1.75000000000000e-01,1.16500000000000e+00,6.50000000000000e-01,2.20500000000000e-01,3.05500000000000e-01
5.15000000000000e-01,3.95000000000000e-01,1.40000000000000e-01,6.86000000000000e-01,2.81000000000000e-01,1.25500000000000e-01,2.20000000000000e-01
1.85000000000000e-01,3.75000000000000e-01,1.20000000000000e-01,4.64500000000000e-01,1.96000000000000e-01,1.04500000000000e-01,1.50000000000000e-01
5.45000000000000e-01,4.15000000000000e-01,2.00000000000000e-01,1.35800000000000e+00,5.67000000000000e-01,3.18000000000000e-01,4.03000000000000e-01
4.05000000000000e-01,3.10000000000000e-01,1.10000000000000e-01,9.10000000000000e-01,4.16000000000000e-01,2.07500000000000e-01,9.95000000000000e-02
5.60000000000000e-01,4.40000000000000e-01,1.65000000000000e-01,8.00000000000000e-01,3.35000000000000e-01,1.73500000000000e-01,2.50000000000000e-01
2.75000000000000e-01,2.00000000000000e-01,7.00000000000000e-02,9.60000000000000e-02,3.70000000000000e-02,2.25000000000000e-02,3.00000000000000e-02
4.50000000000000e-01,3.50000000000000e-01,1.25000000000000e-01,4.77500000000000e-01,2.23500000000000e-01,8.90000000000000e-02,1.18000000000000e-01
6.30000000000000e-01,5.05000000000000e-01,1.70000000000000e-01,1.09150000000000e+00,4.61500000000000e-01,2.66000000000000e-01,3.00000000000000e-01
6.20000000000000e-01,4.90000000000000e-01,1.60000000000000e-01,1.05600000000000e+00,4.93000000000000e-01,2.44000000000000e-01,2.72500000000000e-01
5.85000000000000e-01,4.60000000000000e-01,1.45000000000000e-01,9.33500000000000e-01,4.78000000000000e-01,1.82500000000000e-01,2.35000000000000e-01
5.55000000000000e-01,4.20000000000000e-01,1.10000000000000e-01,9.31000000000000e-01,4.44500000000000e-01,1.71000000000000e-01,2.25000000000000e-01
4.25000000000000e-01,3.40000000000000e-01,1.00000000000000e-01,3.71000000000000e-01,1.50000000000000e-01,8.65000000000000e-02,1.15000000000000e-01
6.05000000000000e-01,4.70000000000000e-01,1.65000000000000e-01,1.17750000000000e+00,6.11000000000000e-01,2.27500000000000e-01,2.92000000000000e-01
3.80000000000000e-01,2.75000000000000e-01,1.00000000000000e-01,2.25500000000000e-01,8.00000000000000e-02,4.90000000000000e-02,8.50000000000000e-02
5.00000000000000e-01,4.00000000000000e-01,1.20000000000000e-01,6.16000000000000e-01,2.61000000000000e-01,1.43000000000000e-01,1.93500000000000e-01
7.00000000000000e-01,5.75000000000000e-01,2.05000000000000e-01,1.77300000000000e+00,6.05000000000000e-01,4.47000000000000e-01,5.38000000000000e-01
4.75000000000000e-01,4.20000000000000e-01,1.60000000000000e-01,7.09500000000000e-01,3.50000000000000e-01,1.50500000000000e-01,1.84500000000000e-01
6.90000000000000e-01,5.60000000000000e-01,2.15000000000000e-01,1.71900000000000e+00,6.80000000000000e-01,2.99000000000000e-01,4.70000000000000e-01
5.05000000000000e-01,4.00000000000000e-01,1.55000000000000e-01,8.41500000000000e-01,2.71500000000000e-01,1.77500000000000e-01,2.85000000000000e-01
4.85000000000000e-01,3.70000000000000e-01,1.15000000000000e-01,4.78500000000000e-01,1.99500000000000e-01,9.55000000000000e-02,1.29000000000000e-01
4.85000000000000e-01,3.65000000000000e-01,1.25000000000000e-01,4.26000000000000e-01,1.63000000000000e-01,9.65000000000000e-02,1.51000000000000e-01
6.30000000000000e-01,5.30000000000000e-01,1.75000000000000e-01,1.41350000000000e+00,6.67000000000000e-01,2.94500000000000e-01,3.55500000000000e-01
5.95000000000000e-01,4.75000000000000e-01,1.65000000000000e-01,1.21300000000000e+00,6.21000000000000e-01,2.43500000000000e-01,2.74000000000000e-01
5.20000000000000e-01,4.15000000000000e-01,1.45000000000000e-01,8.04500000000000e-01,3.32500000000000e-01,1.72500000000000e-01,2.85000000000000e-01
6.35000000000000e-01,4.90000000000000e-01,1.60000000000000e-01,1.10100000000000e+00,5.34000000000000e-01,1.86500000000000e-01,3.45500000000000e-01
6.30000000000000e-01,4.90000000000000e-01,1.80000000000000e-01,1.13000000000000e+00,4.58000000000000e-01,2.76500000000000e-01,3.15000000000000e-01
6.65000000000000e-01,5.35000000000000e-01,1.95000000000000e-01,1.60600000000000e+00,5.75500000000000e-01,3.88000000000000e-01,4.80000000000000e-01
6.05000000000000e-01,4.75000000000000e-01,1.75000000000000e-01,1.07600000000000e+00,4.63000000000000e-01,2.19500000000000e-01,3.35000000000000e-01
5.80000000000000e-01,4.65000000000000e-01,1.75000000000000e-01,1.03500000000000e+00,4.01000000000000e-01,1.86500000000000e-01,3.85000000000000e-01
1.70000000000000e-01,1.05000000000000e-01,3.50000000000000e-02,3.40000000000000e-02,1.20000000000000e-02,8.50000000000000e-03,5.00000000000000e-03
4.25000000000000e-01,3.25000000000000e-01,1.00000000000000e-01,3.98000000000000e-01,1.18500000000000e-01,6.45000000000000e-02,9.45000000000000e-02
5.15000000000000e-01,4.00000000000000e-01,1.15000000000000e-01,5.78000000000000e-01,1.91000000000000e-01,1.44500000000000e-01,1.70000000000000e-01
6.40000000000000e-01,4.85000000000000e-01,1.85000000000000e-01,1.41950000000000e+00,6.73500000000000e-01,3.46500000000000e-01,3.25500000000000e-01
4.75000000000000e-01,3.70000000000000e-01,1.25000000000000e-01,6.55000000000000e-01,2.66000000000000e-01,1.72500000000000e-01,1.85000000000000e-01
4.60000000000000e-01,3.55000000000000e-01,1.30000000000000e-01,4.58000000000000e-01,1.92000000000000e-01,1.05500000000000e-01,1.30000000000000e-01
6.30000000000000e-01,4.65000000000000e-01,1.50000000000000e-01,1.02700000000000e+00,5.37000000000000e-01,1.88000000000000e-01,1.76000000000000e-01
6.50000000000000e-01,5.20000000000000e-01,1.95000000000000e-01,1.62750000000000e+00,6.89000000000000e-01,3.90500000000000e-01,4.32000000000000e-01
5.65000000000000e-01,4.70000000000000e-01,1.95000000000000e-01,1.14200000000000e+00,3.87000000000000e-01,2.58000000000000e-01,3.50000000000000e-01
6.80000000000000e-01,5.30000000000000e-01,1.85000000000000e-01,1.10950000000000e+00,4.39000000000000e-01,2.45000000000000e-01,3.40000000000000e-01
4.55000000000000e-01,3.60000000000000e-01,1.15000000000000e-01,4.57000000000000e-01,2.08500000000000e-01,8.55000000000000e-02,1.47000000000000e-01
4.80000000000000e-01,3.70000000000000e-01,1.00000000000000e-01,5.13500000000000e-01,2.43000000000000e-01,1.01500000000000e-01,1.35000000000000e-01
6.70000000000000e-01,5.50000000000000e-01,1.90000000000000e-01,1.39050000000000e+00,5.42500000000000e-01,3.03500000000000e-01,4.00000000000000e-01
6.30000000000000e-01,5.00000000000000e-01,1.85000000000000e-01,1.36200000000000e+00,5.78500000000000e-01,3.12500000000000e-01,3.84000000000000e-01
5.15000000000000e-01,4.00000000000000e-01,1.25000000000000e-01,9.55000000000000e-01,3.41000000000000e-01,2.53500000000000e-01,2.60000000000000e-01
3.60000000000000e-01,2.70000000000000e-01,9.00000000000000e-02,2.22500000000000e-01,8.30000000000000e-02,5.30000000000000e-02,7.50000000000000e-02
2.40000000000000e-01,1.80000000000000e-01,5.50000000000000e-02,5.55000000000000e-02,2.35000000000000e-02,1.30000000000000e-02,1.80000000000000e-02
6.20000000000000e-01,4.95000000000000e-01,1.80000000000000e-01,1.25550000000000e+00,5.76500000000000e-01,2.54000000000000e-01,3.55000000000000e-01
5.25000000000000e-01,4.00000000000000e-01,1.30000000000000e-01,6.22000000000000e-01,2.65500000000000e-01,1.47000000000000e-01,1.84000000000000e-01
5.60000000000000e-01,4.55000000000000e-01,1.45000000000000e-01,9.74000000000000e-01,5.47000000000000e-01,1.61500000000000e-01,2.35000000000000e-01
4.20000000000000e-01,3.20000000000000e-01,1.00000000000000e-01,3.40000000000000e-01,1.74500000000000e-01,5.00000000000000e-02,9.45000000000000e-02
6.60000000000000e-01,5.20000000000000e-01,2.00000000000000e-01,1.67600000000000e+00,6.73000000000000e-01,4.80500000000000e-01,4.50000000000000e-01
2.75000000000000e-01,1.75000000000000e-01,9.00000000000000e-02,2.31500000000000e-01,9.60000000000000e-02,5.70000000000000e-02,7.05000000000000e-02
6.50000000000000e-01,5.90000000000000e-01,2.20000000000000e-01,1.66200000000000e+00,7.70000000000000e-01,3.78000000000000e-01,4.35000000000000e-01
6.25000000000000e-01,4.70000000000000e-01,1.45000000000000e-01,1.78550000000000e+00,6.75000000000000e-01,2.47000000000000e-01,3.24500000000000e-01
6.40000000000000e-01,5.15000000000000e-01,2.05000000000000e-01,1.53350000000000e+00,6.63500000000000e-01,3.34500000000000e-01,4.02500000000000e-01
3.90000000000000e-01,3.00000000000000e-01,9.00000000000000e-02,3.05500000000000e-01,1.43000000000000e-01,6.45000000000000e-02,8.50000000000000e-02
5.90000000000000e-01,4.50000000000000e-01,1.60000000000000e-01,9.00000000000000e-01,3.58000000000000e-01,1.56000000000000e-01,3.15000000000000e-01
5.60000000000000e-01,4.40000000000000e-01,1.70000000000000e-01,9.44500000000000e-01,3.54500000000000e-01,2.17500000000000e-01,3.00000000000000e-01
6.30000000000000e-01,4.85000000000000e-01,1.80000000000000e-01,1.24350000000000e+00,5.17500000000000e-01,3.08000000000000e-01,3.70000000000000e-01
6.05000000000000e-01,4.80000000000000e-01,1.40000000000000e-01,9.91000000000000e-01,4.73500000000000e-01,2.34500000000000e-01,2.40000000000000e-01
2.35000000000000e-01,1.70000000000000e-01,5.50000000000000e-02,5.15000000000000e-02,1.80000000000000e-02,1.05000000000000e-02,1.95000000000000e-02
5.05000000000000e-01,3.55000000000000e-01,1.25000000000000e-01,6.01000000000000e-01,2.50000000000000e-01,1.20500000000000e-01,1.85000000000000e-01
6.25000000000000e-01,4.80000000000000e-01,1.60000000000000e-01,1.14150000000000e+00,5.79500000000000e-01,2.14500000000000e-01,2.90000000000000e-01
6.75000000000000e-01,5.15000000000000e-01,1.45000000000000e-01,1.26500000000000e+00,6.02500000000000e-01,2.99000000000000e-01,3.25000000000000e-01
1.85000000000000e-01,1.35000000000000e-01,4.00000000000000e-02,2.70000000000000e-02,1.05000000000000e-02,5.50000000000000e-03,9.00000000000000e-03
3.35000000000000e-01,2.45000000000000e-01,9.00000000000000e-02,2.01500000000000e-01,9.60000000000000e-02,4.05000000000000e-02,4.80000000000000e-02
2.15000000000000e-01,1.55000000000000e-01,6.00000000000000e-02,5.25000000000000e-02,2.10000000000000e-02,1.65000000000000e-02,1.50000000000000e-02
5.95000000000000e-01,4.75000000000000e-01,1.60000000000000e-01,1.31750000000000e+00,4.08000000000000e-01,2.34000000000000e-01,5.80000000000000e-01
6.50000000000000e-01,5.00000000000000e-01,1.60000000000000e-01,1.38250000000000e+00,7.02000000000000e-01,3.04000000000000e-01,3.19500000000000e-01
4.55000000000000e-01,3.60000000000000e-01,1.10000000000000e-01,4.38500000000000e-01,2.06000000000000e-01,9.80000000000000e-02,1.25000000000000e-01
4.75000000000000e-01,3.70000000000000e-01,1.10000000000000e-01,4.89500000000000e-01,2.18500000000000e-01,1.07000000000000e-01,1.46000000000000e-01
2.80000000000000e-01,2.10000000000000e-01,8.00000000000000e-02,1.08500000000000e-01,4.10000000000000e-02,2.65000000000000e-02,3.45000000000000e-02
4.50000000000000e-01,3.30000000000000e-01,1.15000000000000e-01,3.65000000000000e-01,1.40000000000000e-01,8.25000000000000e-02,1.24500000000000e-01
4.05000000000000e-01,3.05000000000000e-01,1.05000000000000e-01,3.62500000000000e-01,1.56500000000000e-01,7.05000000000000e-02,1.25000000000000e-01
4.75000000000000e-01,3.70000000000000e-01,1.25000000000000e-01,6.49000000000000e-01,3.47000000000000e-01,1.36000000000000e-01,1.42000000000000e-01
4.25000000000000e-01,3.10000000000000e-01,9.00000000000000e-02,3.01000000000000e-01,1.38500000000000e-01,6.50000000000000e-02,8.00000000000000e-02
4.65000000000000e-01,3.55000000000000e-01,9.00000000000000e-02,4.32500000000000e-01,2.00500000000000e-01,7.40000000000000e-02,1.27500000000000e-01
5.30000000000000e-01,4.20000000000000e-01,1.85000000000000e-01,7.52000000000000e-01,2.99000000000000e-01,1.56000000000000e-01,2.05000000000000e-01
7.20000000000000e-01,5.80000000000000e-01,1.95000000000000e-01,2.10300000000000e+00,1.02650000000000e+00,4.80000000000000e-01,5.37500000000000e-01
2.75000000000000e-01,1.95000000000000e-01,6.50000000000000e-02,1.06000000000000e-01,5.40000000000000e-02,2.00000000000000e-02,2.80000000000000e-02
6.95000000000000e-01,5.50000000000000e-01,2.20000000000000e-01,1.55150000000000e+00,5.66000000000000e-01,3.83500000000000e-01,4.45000000000000e-01
5.10000000000000e-01,4.00000000000000e-01,1.40000000000000e-01,6.51500000000000e-01,2.45500000000000e-01,1.66500000000000e-01,1.85000000000000e-01
5.65000000000000e-01,3.90000000000000e-01,1.25000000000000e-01,7.44000000000000e-01,3.52000000000000e-01,1.30000000000000e-01,1.68500000000000e-01
3.60000000000000e-01,2.65000000000000e-01,7.50000000000000e-02,1.84500000000000e-01,8.30000000000000e-02,3.65000000000000e-02,5.50000000000000e-02
6.45000000000000e-01,4.85000000000000e-01,1.55000000000000e-01,1.48900000000000e+00,5.91500000000000e-01,3.12000000000000e-01,3.80000000000000e-01
3.95000000000000e-01,3.00000000000000e-01,9.00000000000000e-02,2.79000000000000e-01,1.34000000000000e-01,4.90000000000000e-02,7.50000000000000e-02
6.05000000000000e-01,4.95000000000000e-01,1.70000000000000e-01,1.09150000000000e+00,4.36500000000000e-01,2.71500000000000e-01,3.35000000000000e-01
6.20000000000000e-01,5.10000000000000e-01,1.75000000000000e-01,1.12550000000000e+00,4.98500000000000e-01,2.27000000000000e-01,3.15000000000000e-01
7.80000000000000e-01,6.30000000000000e-01,2.15000000000000e-01,2.65700000000000e+00,1.48800000000000e+00,4.98500000000000e-01,5.86000000000000e-01
5.55000000000000e-01,4.35000000000000e-01,1.40000000000000e-01,7.49500000000000e-01,3.41000000000000e-01,1.64500000000000e-01,2.14000000000000e-01
5.65000000000000e-01,4.65000000000000e-01,1.50000000000000e-01,1.18150000000000e+00,5.81000000000000e-01,2.21500000000000e-01,3.09500000000000e-01
5.25000000000000e-01,4.00000000000000e-01,1.25000000000000e-01,6.96500000000000e-01,3.69000000000000e-01,1.38500000000000e-01,1.64000000000000e-01
5.25000000000000e-01,4.00000000000000e-01,1.55000000000000e-01,7.07000000000000e-01,2.82000000000000e-01,1.60500000000000e-01,2.25000000000000e-01
5.70000000000000e-01,4.40000000000000e-01,1.90000000000000e-01,1.01800000000000e+00,4.47000000000000e-01,2.07000000000000e-01,2.65000000000000e-01
6.00000000000000e-01,5.05000000000000e-01,1.90000000000000e-01,1.12900000000000e+00,4.38500000000000e-01,2.56000000000000e-01,3.60000000000000e-01
4.00000000000000e-01,3.15000000000000e-01,8.50000000000000e-02,2.67500000000000e-01,1.16000000000000e-01,5.85000000000000e-02,7.65000000000000e-02
6.50000000000000e-01,5.25000000000000e-01,2.05000000000000e-01,1.42750000000000e+00,6.90000000000000e-01,3.06000000000000e-01,4.35500000000000e-01
5.95000000000000e-01,4.80000000000000e-01,1.60000000000000e-01,1.20950000000000e+00,5.22500000000000e-01,2.96000000000000e-01,3.20000000000000e-01
6.60000000000000e-01,5.20000000000000e-01,1.80000000000000e-01,1.51400000000000e+00,5.26000000000000e-01,2.97500000000000e-01,4.20000000000000e-01
6.10000000000000e-01,4.70000000000000e-01,1.75000000000000e-01,1.21400000000000e+00,5.31500000000000e-01,2.83500000000000e-01,3.25000000000000e-01
